"Estado","% Ocupación","Fecha","Tipo","Pob_Total"
"Sonora",3.44,2020-04-07,"General",2109152
"Sonora",4,2020-04-08,"Ventilador",2109152
"Sonora",2.56,2020-04-08,"UCI",2109152
"Sonora",12.35,2020-04-08,"General",2109152
"Sonora",4.76,2020-04-09,"UCI",2109152
"Sonora",8.18,2020-04-09,"General",2109152
"Sonora",3.12,2020-04-09,"Ventilador",2109152
"Sonora",8.25,2020-04-10,"General",2109152
"Sonora",3.12,2020-04-10,"Ventilador",2109152
"Sonora",13.7,2020-04-11,"General",2109152
"Sonora",10,2020-04-11,"UCI",2109152
"Sonora",3.37,2020-04-11,"Ventilador",2109152
"Sonora",11.76,2020-04-12,"UCI",2109152
"Sonora",11.81,2020-04-12,"General",2109152
"Sonora",3.44,2020-04-12,"Ventilador",2109152
"Sonora",11.76,2020-04-13,"UCI",2109152
"Sonora",3.48,2020-04-13,"Ventilador",2109152
"Sonora",9.52,2020-04-13,"General",2109152
"Sonora",2.27,2020-04-14,"Ventilador",2109152
"Sonora",7.25,2020-04-14,"General",2109152
"Sonora",11.11,2020-04-14,"UCI",2109152
"Sonora",6.87,2020-04-15,"General",2109152
"Sonora",2.19,2020-04-15,"Ventilador",2109152
"Sonora",11.11,2020-04-15,"UCI",2109152
"Sonora",1.17,2020-04-16,"Ventilador",2109152
"Sonora",8.49,2020-04-16,"General",2109152
"Sonora",16.66,2020-04-16,"UCI",2109152
"Sonora",1.19,2020-04-17,"Ventilador",2109152
"Sonora",11.97,2020-04-17,"General",2109152
"Sonora",16.66,2020-04-17,"UCI",2109152
"Sonora",13.01,2020-04-18,"General",2109152
"Sonora",2.1,2020-04-18,"Ventilador",2109152
"Sonora",23.52,2020-04-18,"UCI",2109152
"Sonora",14.76,2020-04-19,"General",2109152
"Sonora",22.22,2020-04-19,"UCI",2109152
"Sonora",1.09,2020-04-19,"Ventilador",2109152
"Sonora",8.41,2020-04-20,"General",2109152
"Sonora",1.4,2020-04-20,"Ventilador",2109152
"Sonora",22.22,2020-04-20,"UCI",2109152
"Sonora",15,2020-04-21,"UCI",2109152
"Sonora",0.74,2020-04-21,"Ventilador",2109152
"Sonora",7.93,2020-04-21,"General",2109152
"Sonora",8.08,2020-04-22,"General",2109152
"Sonora",1.84,2020-04-22,"Ventilador",2109152
"Sonora",5,2020-04-22,"UCI",2109152
"Sonora",8.33,2020-04-23,"UCI",2109152
"Sonora",2.51,2020-04-23,"Ventilador",2109152
"Sonora",7.67,2020-04-23,"General",2109152
"Sonora",6.94,2020-04-24,"Ventilador",2109152
"Sonora",16.12,2020-04-24,"UCI",2109152
"Sonora",6.84,2020-04-24,"General",2109152
"Sonora",16.66,2020-04-25,"UCI",2109152
"Sonora",3.03,2020-04-25,"Ventilador",2109152
"Sonora",7.65,2020-04-25,"General",2109152
"Sonora",2.44,2020-04-26,"Ventilador",2109152
"Sonora",8.54,2020-04-26,"General",2109152
"Sonora",15.15,2020-04-26,"UCI",2109152
"Sonora",3.48,2020-04-27,"Ventilador",2109152
"Sonora",19.04,2020-04-27,"UCI",2109152
"Sonora",8.31,2020-04-27,"General",2109152
"Sonora",12.5,2020-04-28,"UCI",2109152
"Sonora",7.93,2020-04-28,"General",2109152
"Sonora",2.42,2020-04-28,"Ventilador",2109152
"Sonora",7.74,2020-04-29,"General",2109152
"Sonora",14.03,2020-04-29,"UCI",2109152
"Sonora",3.24,2020-04-29,"Ventilador",2109152
"Sonora",2.41,2020-04-30,"Ventilador",2109152
"Sonora",15.62,2020-04-30,"UCI",2109152
"Sonora",6.42,2020-04-30,"General",2109152
"Sonora",14.63,2020-05-01,"UCI",2109152
"Sonora",7.02,2020-05-01,"General",2109152
"Sonora",4.37,2020-05-01,"Ventilador",2109152
"Sonora",7.4,2020-05-02,"General",2109152
"Sonora",2.51,2020-05-02,"Ventilador",2109152
"Sonora",13.79,2020-05-02,"UCI",2109152
"Sonora",5.51,2020-05-03,"Ventilador",2109152
"Sonora",7.97,2020-05-03,"General",2109152
"Sonora",17.07,2020-05-03,"UCI",2109152
"Sonora",8.03,2020-05-04,"General",2109152
"Sonora",4.06,2020-05-04,"Ventilador",2109152
"Sonora",17.85,2020-05-04,"UCI",2109152
"Sonora",6.8,2020-05-05,"General",2109152
"Sonora",5.69,2020-05-05,"Ventilador",2109152
"Sonora",14.28,2020-05-05,"UCI",2109152
"Sonora",14.28,2020-05-06,"UCI",2109152
"Sonora",5.09,2020-05-06,"Ventilador",2109152
"Sonora",8,2020-05-06,"General",2109152
"Sonora",9.38,2020-05-07,"General",2109152
"Sonora",6.43,2020-05-07,"Ventilador",2109152
"Sonora",13.79,2020-05-07,"UCI",2109152
"Sonora",16.66,2020-05-08,"UCI",2109152
"Sonora",12.72,2020-05-08,"General",2109152
"Sonora",4.72,2020-05-08,"Ventilador",2109152
"Sonora",3.93,2020-05-09,"Ventilador",2109152
"Sonora",13.77,2020-05-09,"General",2109152
"Sonora",18.18,2020-05-09,"UCI",2109152
"Sonora",16.66,2020-05-10,"UCI",2109152
"Sonora",4.87,2020-05-10,"Ventilador",2109152
"Sonora",13.81,2020-05-10,"General",2109152
"Sonora",11.8,2020-05-11,"General",2109152
"Sonora",13.79,2020-05-11,"UCI",2109152
"Sonora",5.52,2020-05-11,"Ventilador",2109152
"Sonora",18.51,2020-05-12,"UCI",2109152
"Sonora",11.37,2020-05-12,"General",2109152
"Sonora",9.2,2020-05-12,"Ventilador",2109152
"Sonora",23.33,2020-05-13,"UCI",2109152
"Sonora",14.53,2020-05-13,"General",2109152
"Sonora",8.8,2020-05-13,"Ventilador",2109152
"Sonora",11.79,2020-05-14,"Ventilador",2109152
"Sonora",14.66,2020-05-14,"General",2109152
"Sonora",40,2020-05-14,"UCI",2109152
"Sonora",39.39,2020-05-15,"UCI",2109152
"Sonora",16.94,2020-05-15,"General",2109152
"Sonora",13.18,2020-05-15,"Ventilador",2109152
"Sonora",21.57,2020-05-16,"General",2109152
"Sonora",18.87,2020-05-16,"Ventilador",2109152
"Sonora",37.93,2020-05-16,"UCI",2109152
"Sonora",24.17,2020-05-17,"General",2109152
"Sonora",51.35,2020-05-17,"UCI",2109152
"Sonora",16.31,2020-05-17,"Ventilador",2109152
"Sonora",19.94,2020-05-18,"General",2109152
"Sonora",18.5,2020-05-18,"Ventilador",2109152
"Sonora",55.26,2020-05-18,"UCI",2109152
"Sonora",20.1,2020-05-19,"Ventilador",2109152
"Sonora",56.41,2020-05-19,"UCI",2109152
"Sonora",20.76,2020-05-19,"General",2109152
"Sonora",25.66,2020-05-20,"Ventilador",2109152
"Sonora",62.5,2020-05-20,"UCI",2109152
"Sonora",22.62,2020-05-20,"General",2109152
"Sonora",27.58,2020-05-21,"General",2109152
"Sonora",56.81,2020-05-21,"UCI",2109152
"Sonora",23.03,2020-05-21,"Ventilador",2109152
"Sonora",53.06,2020-05-22,"UCI",2109152
"Sonora",21.07,2020-05-22,"Ventilador",2109152
"Sonora",27.28,2020-05-22,"General",2109152
"Sonora",25.65,2020-05-23,"Ventilador",2109152
"Sonora",26.58,2020-05-23,"General",2109152
"Sonora",54.54,2020-05-23,"UCI",2109152
"Sonora",60.86,2020-05-24,"UCI",2109152
"Sonora",30.88,2020-05-24,"General",2109152
"Sonora",32.33,2020-05-24,"Ventilador",2109152
"Sonora",33.33,2020-05-25,"Ventilador",2109152
"Sonora",31.79,2020-05-25,"General",2109152
"Sonora",69.38,2020-05-25,"UCI",2109152
"Sonora",33.02,2020-05-26,"General",2109152
"Sonora",34.28,2020-05-26,"Ventilador",2109152
"Sonora",64.58,2020-05-26,"UCI",2109152
"Sonora",35.82,2020-05-27,"Ventilador",2109152
"Sonora",33.69,2020-05-27,"General",2109152
"Sonora",53.33,2020-05-27,"UCI",2109152
"Sonora",57.14,2020-05-28,"UCI",2109152
"Sonora",34.24,2020-05-28,"General",2109152
"Sonora",38.26,2020-05-28,"Ventilador",2109152
"Sonora",33.57,2020-05-29,"General",2109152
"Sonora",39.42,2020-05-29,"Ventilador",2109152
"Sonora",53.48,2020-05-29,"UCI",2109152
"Sonora",48.88,2020-05-30,"UCI",2109152
"Sonora",41.29,2020-05-30,"Ventilador",2109152
"Sonora",37.7,2020-05-30,"General",2109152
"Sonora",44.37,2020-05-31,"Ventilador",2109152
"Sonora",39.96,2020-05-31,"General",2109152
"Sonora",53.65,2020-05-31,"UCI",2109152
"Sonora",44.6,2020-06-01,"Ventilador",2109152
"Sonora",37.9,2020-06-01,"General",2109152
"Sonora",54.16,2020-06-01,"UCI",2109152
"Sonora",41.01,2020-06-02,"General",2109152
"Sonora",57.14,2020-06-02,"UCI",2109152
"Sonora",41.28,2020-06-02,"Ventilador",2109152
"Sonora",42.79,2020-06-03,"General",2109152
"Sonora",42.03,2020-06-03,"Ventilador",2109152
"Sonora",57.89,2020-06-03,"UCI",2109152
"Sonora",45.62,2020-06-04,"General",2109152
"Sonora",66.66,2020-06-04,"UCI",2109152
"Sonora",44.1,2020-06-04,"Ventilador",2109152
"Sonora",45.18,2020-06-05,"Ventilador",2109152
"Sonora",72.34,2020-06-05,"UCI",2109152
"Sonora",43.5,2020-06-05,"General",2109152
"Sonora",48.09,2020-06-06,"General",2109152
"Sonora",49.75,2020-06-06,"Ventilador",2109152
"Sonora",68.75,2020-06-06,"UCI",2109152
"Sonora",51.89,2020-06-07,"Ventilador",2109152
"Sonora",73.91,2020-06-07,"UCI",2109152
"Sonora",50.14,2020-06-07,"General",2109152
"Sonora",48.78,2020-06-08,"Ventilador",2109152
"Sonora",48.97,2020-06-08,"General",2109152
"Sonora",63.15,2020-06-08,"UCI",2109152
"Sonora",62.06,2020-06-09,"UCI",2109152
"Sonora",50.63,2020-06-09,"General",2109152
"Sonora",52.69,2020-06-09,"Ventilador",2109152
"Sonora",52.36,2020-06-10,"General",2109152
"Sonora",52.28,2020-06-10,"Ventilador",2109152
"Sonora",63.79,2020-06-10,"UCI",2109152
"Sonora",60.34,2020-06-11,"UCI",2109152
"Sonora",50.4,2020-06-11,"Ventilador",2109152
"Sonora",54.45,2020-06-11,"General",2109152
"Sonora",72.54,2020-06-12,"UCI",2109152
"Sonora",55.37,2020-06-12,"General",2109152
"Sonora",51.51,2020-06-12,"Ventilador",2109152
"Sonora",56.05,2020-06-13,"General",2109152
"Sonora",56.42,2020-06-13,"Ventilador",2109152
"Sonora",69.56,2020-06-13,"UCI",2109152
"Sonora",52.29,2020-06-14,"Ventilador",2109152
"Sonora",60,2020-06-14,"UCI",2109152
"Sonora",55.6,2020-06-14,"General",2109152
"Sonora",55.72,2020-06-15,"General",2109152
"Sonora",62.29,2020-06-15,"UCI",2109152
"Sonora",49.19,2020-06-15,"Ventilador",2109152
"Sonora",58.87,2020-06-16,"General",2109152
"Sonora",50.62,2020-06-16,"Ventilador",2109152
"Sonora",61.66,2020-06-16,"UCI",2109152
"Sonora",70.23,2020-06-17,"UCI",2109152
"Sonora",45.98,2020-06-17,"Ventilador",2109152
"Sonora",57.42,2020-06-17,"General",2109152
"Sonora",49.62,2020-06-18,"Ventilador",2109152
"Sonora",64.51,2020-06-18,"UCI",2109152
"Sonora",56.06,2020-06-18,"General",2109152
"Sonora",52.47,2020-06-19,"Ventilador",2109152
"Sonora",57.57,2020-06-19,"General",2109152
"Sonora",56.25,2020-06-19,"UCI",2109152
"Sonora",56.28,2020-06-20,"General",2109152
"Sonora",65,2020-06-20,"UCI",2109152
"Sonora",54.78,2020-06-20,"Ventilador",2109152
"Sonora",63.33,2020-06-21,"UCI",2109152
"Sonora",58.53,2020-06-21,"General",2109152
"Sonora",57.07,2020-06-21,"Ventilador",2109152
"Sonora",61.9,2020-06-22,"UCI",2109152
"Sonora",58.78,2020-06-22,"General",2109152
"Sonora",53.05,2020-06-22,"Ventilador",2109152
"Sonora",52.96,2020-06-23,"Ventilador",2109152
"Sonora",59.51,2020-06-23,"General",2109152
"Sonora",63.63,2020-06-23,"UCI",2109152
"Sonora",49.45,2020-06-24,"Ventilador",2109152
"Sonora",58.65,2020-06-24,"General",2109152
"Sonora",62.29,2020-06-24,"UCI",2109152
"Sonora",59.27,2020-06-25,"General",2109152
"Sonora",47.74,2020-06-25,"Ventilador",2109152
"Sonora",56.25,2020-06-25,"UCI",2109152
"Sonora",59.34,2020-06-26,"General",2109152
"Sonora",51.37,2020-06-26,"Ventilador",2109152
"Sonora",62.9,2020-06-26,"UCI",2109152
"Sonora",56.1,2020-06-27,"Ventilador",2109152
"Sonora",60.69,2020-06-27,"General",2109152
"Sonora",71.66,2020-06-27,"UCI",2109152
"Sonora",63.9,2020-06-28,"General",2109152
"Sonora",69.69,2020-06-28,"UCI",2109152
"Sonora",53.57,2020-06-28,"Ventilador",2109152
"Sonora",61.89,2020-06-29,"General",2109152
"Sonora",50.19,2020-06-29,"Ventilador",2109152
"Sonora",68.11,2020-06-29,"UCI",2109152
"Sonora",54.77,2020-06-30,"Ventilador",2109152
"Sonora",70.58,2020-06-30,"UCI",2109152
"Sonora",55.95,2020-06-30,"General",2109152
"Sonora",69.56,2020-07-01,"UCI",2109152
"Sonora",61.15,2020-07-01,"General",2109152
"Sonora",58.54,2020-07-01,"Ventilador",2109152
"Sonora",60.6,2020-07-02,"Ventilador",2109152
"Sonora",58.95,2020-07-02,"General",2109152
"Sonora",70,2020-07-02,"UCI",2109152
"Sonora",56.97,2020-07-03,"Ventilador",2109152
"Sonora",82.6,2020-07-03,"UCI",2109152
"Sonora",57.08,2020-07-03,"General",2109152
"Sonora",60.15,2020-07-04,"General",2109152
"Sonora",61.97,2020-07-04,"UCI",2109152
"Sonora",50.63,2020-07-04,"Ventilador",2109152
"Sonora",64.28,2020-07-05,"UCI",2109152
"Sonora",62.77,2020-07-05,"General",2109152
"Sonora",53.25,2020-07-05,"Ventilador",2109152
"Sonora",60.65,2020-07-06,"General",2109152
"Sonora",69.66,2020-07-06,"UCI",2109152
"Sonora",48.3,2020-07-06,"Ventilador",2109152
"Sonora",57.53,2020-07-07,"UCI",2109152
"Sonora",44.23,2020-07-07,"Ventilador",2109152
"Sonora",61.31,2020-07-07,"General",2109152
"Sonora",67.56,2020-07-08,"UCI",2109152
"Sonora",60.38,2020-07-08,"General",2109152
"Sonora",50.37,2020-07-08,"Ventilador",2109152
"Sonora",60.54,2020-07-09,"General",2109152
"Sonora",54.5,2020-07-09,"Ventilador",2109152
"Sonora",70.76,2020-07-09,"UCI",2109152
"Sonora",48.81,2020-07-10,"Ventilador",2109152
"Sonora",63.51,2020-07-10,"UCI",2109152
"Sonora",60.27,2020-07-10,"General",2109152
"Sonora",57.9,2020-07-11,"General",2109152
"Sonora",62.5,2020-07-11,"UCI",2109152
"Sonora",46.48,2020-07-11,"Ventilador",2109152
"Sonora",57.24,2020-07-12,"General",2109152
"Sonora",48.03,2020-07-12,"Ventilador",2109152
"Sonora",63.26,2020-07-12,"UCI",2109152
"Sonora",46.64,2020-07-13,"Ventilador",2109152
"Sonora",58.33,2020-07-13,"UCI",2109152
"Sonora",58.48,2020-07-13,"General",2109152
"Sonora",59.72,2020-07-14,"UCI",2109152
"Sonora",57.73,2020-07-14,"General",2109152
"Sonora",45.97,2020-07-14,"Ventilador",2109152
"Sonora",41.86,2020-07-15,"Ventilador",2109152
"Sonora",58.1,2020-07-15,"General",2109152
"Sonora",51.72,2020-07-15,"UCI",2109152
"Sonora",46.61,2020-07-16,"Ventilador",2109152
"Sonora",56.33,2020-07-16,"UCI",2109152
"Sonora",55.67,2020-07-16,"General",2109152
"Sonora",42.74,2020-07-17,"Ventilador",2109152
"Sonora",53.75,2020-07-17,"UCI",2109152
"Sonora",55.6,2020-07-17,"General",2109152
"Sonora",71.08,2020-07-18,"UCI",2109152
"Sonora",56.25,2020-07-18,"General",2109152
"Sonora",45.55,2020-07-18,"Ventilador",2109152
"Sonora",39.03,2020-07-19,"Ventilador",2109152
"Sonora",46.26,2020-07-19,"UCI",2109152
"Sonora",58.62,2020-07-19,"General",2109152
"Sonora",44.61,2020-07-20,"UCI",2109152
"Sonora",58.44,2020-07-20,"General",2109152
"Sonora",36.01,2020-07-20,"Ventilador",2109152
"Sonora",51.78,2020-07-21,"UCI",2109152
"Sonora",40.14,2020-07-21,"Ventilador",2109152
"Sonora",56.99,2020-07-21,"General",2109152
"Sonora",41.09,2020-07-22,"Ventilador",2109152
"Sonora",56.44,2020-07-22,"General",2109152
"Sonora",58.97,2020-07-22,"UCI",2109152
"Sonora",41.35,2020-07-23,"Ventilador",2109152
"Sonora",57.45,2020-07-23,"General",2109152
"Sonora",52.32,2020-07-23,"UCI",2109152
"Sonora",36.59,2020-07-24,"Ventilador",2109152
"Sonora",50,2020-07-24,"UCI",2109152
"Sonora",54.09,2020-07-24,"General",2109152
"Sonora",56.98,2020-07-25,"General",2109152
"Sonora",38.42,2020-07-25,"Ventilador",2109152
"Sonora",44.64,2020-07-25,"UCI",2109152
"Sonora",34.38,2020-07-26,"Ventilador",2109152
"Sonora",46.66,2020-07-26,"UCI",2109152
"Sonora",55.54,2020-07-26,"General",2109152
"Sonora",30.84,2020-07-27,"Ventilador",2109152
"Sonora",54.2,2020-07-27,"UCI",2109152
"Sonora",52.33,2020-07-27,"General",2109152
"Sonora",45.9,2020-07-28,"UCI",2109152
"Sonora",54.38,2020-07-28,"General",2109152
"Sonora",32.16,2020-07-28,"Ventilador",2109152
"Sonora",55.56,2020-07-29,"General",2109152
"Sonora",26.56,2020-07-29,"Ventilador",2109152
"Sonora",41.02,2020-07-29,"UCI",2109152
"Sonora",50.61,2020-07-30,"General",2109152
"Sonora",46.37,2020-07-30,"UCI",2109152
"Sonora",26.92,2020-07-30,"Ventilador",2109152
"Sonora",48.31,2020-07-31,"UCI",2109152
"Sonora",29.6,2020-07-31,"Ventilador",2109152
"Sonora",48.71,2020-07-31,"General",2109152
"Sonora",45.45,2020-08-01,"UCI",2109152
"Sonora",44.15,2020-08-01,"General",2109152
"Sonora",30.97,2020-08-01,"Ventilador",2109152
"Sonora",43,2020-08-02,"General",2109152
"Sonora",32.75,2020-08-02,"Ventilador",2109152
"Sonora",47.19,2020-08-02,"UCI",2109152
"Sonora",27.92,2020-08-03,"Ventilador",2109152
"Sonora",46.59,2020-08-03,"UCI",2109152
"Sonora",41.86,2020-08-03,"General",2109152
"Sonora",41.16,2020-08-04,"General",2109152
"Sonora",38.14,2020-08-04,"UCI",2109152
"Sonora",26.78,2020-08-04,"Ventilador",2109152
"Sonora",40.41,2020-08-05,"General",2109152
"Sonora",28.94,2020-08-05,"UCI",2109152
"Sonora",28.11,2020-08-05,"Ventilador",2109152
"Sonora",36.48,2020-08-06,"UCI",2109152
"Sonora",25.32,2020-08-06,"Ventilador",2109152
"Sonora",39.14,2020-08-06,"General",2109152
"Sonora",38.1,2020-08-07,"General",2109152
"Sonora",22.41,2020-08-07,"Ventilador",2109152
"Sonora",25.64,2020-08-07,"UCI",2109152
"Sonora",24.11,2020-08-08,"Ventilador",2109152
"Sonora",33.33,2020-08-08,"UCI",2109152
"Sonora",35.26,2020-08-08,"General",2109152
"Sonora",35.7,2020-08-09,"General",2109152
"Sonora",23.37,2020-08-09,"UCI",2109152
"Sonora",21.29,2020-08-09,"Ventilador",2109152
"Sonora",34.73,2020-08-10,"General",2109152
"Sonora",24.35,2020-08-10,"UCI",2109152
"Sonora",19.93,2020-08-10,"Ventilador",2109152
"Sonora",25.64,2020-08-11,"UCI",2109152
"Sonora",19.71,2020-08-11,"Ventilador",2109152
"Sonora",33.52,2020-08-11,"General",2109152
"Sonora",28.26,2020-08-12,"UCI",2109152
"Sonora",18.23,2020-08-12,"Ventilador",2109152
"Sonora",33.58,2020-08-12,"General",2109152
"Sonora",28.57,2020-08-13,"UCI",2109152
"Sonora",31.73,2020-08-13,"General",2109152
"Sonora",18.88,2020-08-13,"Ventilador",2109152
"Sonora",19.28,2020-08-14,"Ventilador",2109152
"Sonora",30.81,2020-08-14,"General",2109152
"Sonora",30.37,2020-08-14,"UCI",2109152
"Sonora",20.56,2020-08-15,"Ventilador",2109152
"Sonora",25.55,2020-08-15,"UCI",2109152
"Sonora",29.72,2020-08-15,"General",2109152
"Sonora",29.62,2020-08-16,"UCI",2109152
"Sonora",25.88,2020-08-16,"Ventilador",2109152
"Sonora",28.22,2020-08-16,"General",2109152
"Sonora",26.49,2020-08-17,"General",2109152
"Sonora",18.05,2020-08-17,"Ventilador",2109152
"Sonora",24.44,2020-08-17,"UCI",2109152
"Sonora",18.91,2020-08-18,"Ventilador",2109152
"Sonora",26.66,2020-08-18,"UCI",2109152
"Sonora",26.87,2020-08-18,"General",2109152
"Sonora",19.45,2020-08-19,"Ventilador",2109152
"Sonora",26.66,2020-08-19,"General",2109152
"Sonora",23.07,2020-08-19,"UCI",2109152
"Sonora",26.37,2020-08-20,"UCI",2109152
"Sonora",18.71,2020-08-20,"Ventilador",2109152
"Sonora",26.6,2020-08-20,"General",2109152
"Sonora",20.07,2020-08-21,"Ventilador",2109152
"Sonora",26.66,2020-08-21,"UCI",2109152
"Sonora",25.27,2020-08-21,"General",2109152
"Sonora",27.58,2020-08-22,"General",2109152
"Sonora",19.72,2020-08-22,"Ventilador",2109152
"Sonora",29.33,2020-08-22,"UCI",2109152
"Sonora",18.61,2020-08-23,"Ventilador",2109152
"Sonora",27.79,2020-08-23,"General",2109152
"Sonora",25.28,2020-08-23,"UCI",2109152
"Sonora",23.07,2020-08-24,"UCI",2109152
"Sonora",25.97,2020-08-24,"General",2109152
"Sonora",18.31,2020-08-24,"Ventilador",2109152
"Sonora",29.16,2020-08-25,"UCI",2109152
"Sonora",27.75,2020-08-25,"General",2109152
"Sonora",16.45,2020-08-25,"Ventilador",2109152
"Sonora",26.53,2020-08-26,"General",2109152
"Sonora",23.07,2020-08-26,"UCI",2109152
"Sonora",15.08,2020-08-26,"Ventilador",2109152
"Sonora",24.96,2020-08-27,"General",2109152
"Sonora",21.79,2020-08-27,"UCI",2109152
"Sonora",15.64,2020-08-27,"Ventilador",2109152
"Sonora",24.17,2020-08-28,"UCI",2109152
"Sonora",27.92,2020-08-28,"General",2109152
"Sonora",12.33,2020-08-28,"Ventilador",2109152
"Sonora",26.92,2020-08-29,"UCI",2109152
"Sonora",14.09,2020-08-29,"Ventilador",2109152
"Sonora",26.43,2020-08-29,"General",2109152
"Sonora",21.97,2020-08-30,"UCI",2109152
"Sonora",26.08,2020-08-30,"General",2109152
"Sonora",12.24,2020-08-30,"Ventilador",2109152
"Sonora",24.9,2020-08-31,"General",2109152
"Sonora",14.37,2020-08-31,"Ventilador",2109152
"Sonora",20.87,2020-08-31,"UCI",2109152
"Sonora",23.97,2020-09-01,"General",2109152
"Sonora",20.93,2020-09-01,"UCI",2109152
"Sonora",14.37,2020-09-01,"Ventilador",2109152
"Sonora",13.88,2020-09-02,"Ventilador",2109152
"Sonora",25,2020-09-02,"UCI",2109152
"Sonora",21.11,2020-09-02,"General",2109152
"Sonora",25.92,2020-09-03,"UCI",2109152
"Sonora",11.98,2020-09-03,"Ventilador",2109152
"Sonora",21.05,2020-09-03,"General",2109152
"Sonora",11.07,2020-09-04,"Ventilador",2109152
"Sonora",18.02,2020-09-04,"General",2109152
"Sonora",18.55,2020-09-04,"UCI",2109152
"Sonora",20,2020-09-05,"UCI",2109152
"Sonora",17.37,2020-09-05,"General",2109152
"Sonora",11.27,2020-09-05,"Ventilador",2109152
"Sonora",12.18,2020-09-06,"Ventilador",2109152
"Sonora",14.92,2020-09-06,"General",2109152
"Sonora",19.29,2020-09-06,"UCI",2109152
"Sonora",16.47,2020-09-07,"General",2109152
"Sonora",7.93,2020-09-07,"Ventilador",2109152
"Sonora",18.55,2020-09-07,"UCI",2109152
"Sonora",17.18,2020-09-08,"UCI",2109152
"Sonora",15.87,2020-09-08,"General",2109152
"Sonora",7.34,2020-09-08,"Ventilador",2109152
"Sonora",21.68,2020-09-09,"UCI",2109152
"Sonora",16.98,2020-09-09,"General",2109152
"Sonora",8.62,2020-09-09,"Ventilador",2109152
"Sonora",25.27,2020-09-10,"UCI",2109152
"Sonora",16.01,2020-09-10,"General",2109152
"Sonora",11.84,2020-09-10,"Ventilador",2109152
"Sonora",11.56,2020-09-11,"Ventilador",2109152
"Sonora",20,2020-09-11,"UCI",2109152
"Sonora",13.39,2020-09-11,"General",2109152
"Sonora",21.68,2020-09-12,"UCI",2109152
"Sonora",12.21,2020-09-12,"Ventilador",2109152
"Sonora",12.15,2020-09-12,"General",2109152
"Sonora",12.04,2020-09-13,"Ventilador",2109152
"Sonora",13.32,2020-09-13,"General",2109152
"Sonora",20.48,2020-09-13,"UCI",2109152
"Sonora",14.96,2020-09-14,"General",2109152
"Sonora",18.66,2020-09-14,"UCI",2109152
"Sonora",10.15,2020-09-14,"Ventilador",2109152
"Sonora",11.62,2020-09-15,"Ventilador",2109152
"Sonora",24.63,2020-09-15,"UCI",2109152
"Sonora",14.77,2020-09-15,"General",2109152
"Sonora",12.91,2020-09-16,"General",2109152
"Sonora",18.39,2020-09-16,"UCI",2109152
"Sonora",10.57,2020-09-16,"Ventilador",2109152
"Sonora",14.48,2020-09-17,"General",2109152
"Sonora",11.39,2020-09-17,"Ventilador",2109152
"Sonora",16.21,2020-09-17,"UCI",2109152
"Sonora",11.11,2020-09-18,"Ventilador",2109152
"Sonora",19.76,2020-09-18,"UCI",2109152
"Sonora",15.41,2020-09-18,"General",2109152
"Sonora",18.6,2020-09-19,"UCI",2109152
"Sonora",10.67,2020-09-19,"Ventilador",2109152
"Sonora",16.71,2020-09-19,"General",2109152
"Sonora",16.95,2020-09-20,"General",2109152
"Sonora",10.93,2020-09-20,"Ventilador",2109152
"Sonora",16.43,2020-09-20,"UCI",2109152
"Sonora",15.11,2020-09-21,"UCI",2109152
"Sonora",8.97,2020-09-21,"Ventilador",2109152
"Sonora",15.94,2020-09-21,"General",2109152
"Sonora",9.58,2020-09-22,"UCI",2109152
"Sonora",15.96,2020-09-22,"General",2109152
"Sonora",9.56,2020-09-22,"Ventilador",2109152
"Sonora",10.46,2020-09-23,"UCI",2109152
"Sonora",8.73,2020-09-23,"Ventilador",2109152
"Sonora",15.62,2020-09-23,"General",2109152
"Sonora",18.18,2020-09-24,"General",2109152
"Sonora",9.56,2020-09-24,"Ventilador",2109152
"Sonora",12.32,2020-09-24,"UCI",2109152
"Sonora",14.6,2020-09-25,"UCI",2109152
"Sonora",8.44,2020-09-25,"Ventilador",2109152
"Sonora",16.69,2020-09-25,"General",2109152
"Sonora",15.66,2020-09-26,"UCI",2109152
"Sonora",18.16,2020-09-26,"General",2109152
"Sonora",9.42,2020-09-26,"Ventilador",2109152
"Sonora",18.27,2020-09-27,"General",2109152
"Sonora",10.15,2020-09-27,"Ventilador",2109152
"Sonora",18.07,2020-09-27,"UCI",2109152
"Sonora",7.4,2020-09-28,"Ventilador",2109152
"Sonora",12.16,2020-09-28,"UCI",2109152
"Sonora",18.23,2020-09-28,"General",2109152
"Sonora",17.97,2020-09-29,"General",2109152
"Sonora",26.08,2020-09-29,"UCI",2109152
"Sonora",11.22,2020-09-29,"Ventilador",2109152
"Sonora",19.45,2020-09-30,"General",2109152
"Sonora",13.39,2020-09-30,"Ventilador",2109152
"Sonora",21.81,2020-09-30,"UCI",2109152
"Sonora",34.28,2020-10-01,"UCI",2109152
"Sonora",11.92,2020-10-01,"Ventilador",2109152
"Sonora",20.38,2020-10-01,"General",2109152
"Sonora",23.8,2020-10-02,"UCI",2109152
"Sonora",18.91,2020-10-02,"General",2109152
"Sonora",11.98,2020-10-02,"Ventilador",2109152
"Sonora",17.52,2020-10-03,"Ventilador",2109152
"Sonora",16.9,2020-10-03,"General",2109152
"Sonora",28.35,2020-10-03,"UCI",2109152
"Sonora",14.9,2020-10-04,"Ventilador",2109152
"Sonora",19.04,2020-10-04,"UCI",2109152
"Sonora",18.09,2020-10-04,"General",2109152
"Sonora",20.63,2020-10-05,"UCI",2109152
"Sonora",19.33,2020-10-05,"General",2109152
"Sonora",11.22,2020-10-05,"Ventilador",2109152
"Sonora",17.98,2020-10-06,"General",2109152
"Sonora",13.33,2020-10-06,"Ventilador",2109152
"Sonora",18.51,2020-10-06,"UCI",2109152
"Sonora",29.31,2020-10-07,"UCI",2109152
"Sonora",13.23,2020-10-07,"Ventilador",2109152
"Sonora",19.11,2020-10-07,"General",2109152
"Sonora",26.66,2020-10-08,"UCI",2109152
"Sonora",17.88,2020-10-08,"General",2109152
"Sonora",14.34,2020-10-08,"Ventilador",2109152
"Sonora",15.68,2020-10-09,"Ventilador",2109152
"Sonora",15.99,2020-10-09,"General",2109152
"Sonora",23.52,2020-10-09,"UCI",2109152
"Sonora",15.09,2020-10-10,"Ventilador",2109152
"Sonora",28.07,2020-10-10,"UCI",2109152
"Sonora",15.28,2020-10-10,"General",2109152
"Sonora",15.44,2020-10-11,"General",2109152
"Sonora",29.78,2020-10-11,"UCI",2109152
"Sonora",13.61,2020-10-11,"Ventilador",2109152
"Sonora",17.18,2020-10-12,"General",2109152
"Sonora",10.16,2020-10-12,"Ventilador",2109152
"Sonora",13.2,2020-10-12,"UCI",2109152
"Sonora",13.24,2020-10-13,"Ventilador",2109152
"Sonora",18.18,2020-10-13,"UCI",2109152
"Sonora",16.95,2020-10-13,"General",2109152
"Sonora",11.32,2020-10-14,"UCI",2109152
"Sonora",17.46,2020-10-14,"General",2109152
"Sonora",15.76,2020-10-14,"Ventilador",2109152
"Sonora",14.71,2020-10-15,"Ventilador",2109152
"Sonora",18.55,2020-10-15,"General",2109152
"Sonora",21.42,2020-10-15,"UCI",2109152
"Sonora",15.21,2020-10-16,"Ventilador",2109152
"Sonora",16.27,2020-10-16,"UCI",2109152
"Sonora",16.69,2020-10-16,"General",2109152
"Sonora",16.73,2020-10-17,"Ventilador",2109152
"Sonora",16.27,2020-10-17,"General",2109152
"Sonora",24.52,2020-10-17,"UCI",2109152
"Sonora",15,2020-10-18,"UCI",2109152
"Sonora",16.44,2020-10-18,"General",2109152
"Sonora",18.18,2020-10-18,"Ventilador",2109152
"Sonora",14.76,2020-10-19,"Ventilador",2109152
"Sonora",19.4,2020-10-19,"UCI",2109152
"Sonora",18.12,2020-10-19,"General",2109152
"Sonora",16.66,2020-10-20,"UCI",2109152
"Sonora",12.93,2020-10-20,"Ventilador",2109152
"Sonora",17.2,2020-10-20,"General",2109152
"Sonora",27.58,2020-10-21,"UCI",2109152
"Sonora",17.48,2020-10-21,"General",2109152
"Sonora",14.85,2020-10-21,"Ventilador",2109152
"Sonora",17.72,2020-10-22,"General",2109152
"Sonora",14.45,2020-10-22,"Ventilador",2109152
"Sonora",26.78,2020-10-22,"UCI",2109152
"Sonora",13,2020-10-23,"Ventilador",2109152
"Sonora",16.27,2020-10-23,"UCI",2109152
"Sonora",16.66,2020-10-23,"General",2109152
"Sonora",17.5,2020-10-24,"UCI",2109152
"Sonora",18.98,2020-10-24,"General",2109152
"Sonora",18.18,2020-10-24,"Ventilador",2109152
"Sonora",19.63,2020-10-25,"General",2109152
"Sonora",22.5,2020-10-25,"UCI",2109152
"Sonora",14.5,2020-10-25,"Ventilador",2109152
"Sonora",17.14,2020-10-26,"General",2109152
"Sonora",13.36,2020-10-26,"Ventilador",2109152
"Sonora",20.37,2020-10-26,"UCI",2109152
"Sonora",19.53,2020-10-27,"General",2109152
"Sonora",3.33,2020-10-27,"Ventilador",2109152
"Sonora",4.34,2020-10-27,"UCI",2109152
"Sonora",25.42,2020-10-28,"UCI",2109152
"Sonora",13.65,2020-10-28,"Ventilador",2109152
"Sonora",20.92,2020-10-28,"General",2109152
"Sonora",20.24,2020-10-29,"General",2109152
"Sonora",29.31,2020-10-29,"UCI",2109152
"Sonora",12.75,2020-10-29,"Ventilador",2109152
"Sonora",11.9,2020-10-30,"Ventilador",2109152
"Sonora",27.65,2020-10-30,"UCI",2109152
"Sonora",19.58,2020-10-30,"General",2109152
"Sonora",19.16,2020-10-31,"General",2109152
"Sonora",27.08,2020-10-31,"UCI",2109152
"Sonora",13.7,2020-10-31,"Ventilador",2109152
"Sonora",20.13,2020-11-01,"General",2109152
"Sonora",16.66,2020-11-01,"Ventilador",2109152
"Sonora",21.95,2020-11-01,"UCI",2109152
"Sonora",26.19,2020-11-02,"UCI",2109152
"Sonora",13.39,2020-11-02,"Ventilador",2109152
"Sonora",21.2,2020-11-02,"General",2109152
"Sonora",26.08,2020-11-03,"UCI",2109152
"Sonora",22.66,2020-11-03,"General",2109152
"Sonora",13.45,2020-11-03,"Ventilador",2109152
"Sonora",32,2020-11-04,"UCI",2109152
"Sonora",14.55,2020-11-04,"Ventilador",2109152
"Sonora",23.51,2020-11-04,"General",2109152
"Sonora",24.63,2020-11-05,"UCI",2109152
"Sonora",22.23,2020-11-05,"General",2109152
"Sonora",16.32,2020-11-05,"Ventilador",2109152
"Sonora",22.25,2020-11-06,"General",2109152
"Sonora",18.09,2020-11-06,"Ventilador",2109152
"Sonora",34.04,2020-11-06,"UCI",2109152
"Sonora",21.65,2020-11-07,"General",2109152
"Sonora",15.85,2020-11-07,"Ventilador",2109152
"Sonora",30.9,2020-11-07,"UCI",2109152
"Sonora",18.01,2020-11-08,"Ventilador",2109152
"Sonora",20.69,2020-11-08,"General",2109152
"Sonora",36.84,2020-11-08,"UCI",2109152
"Sonora",29.78,2020-11-09,"UCI",2109152
"Sonora",17.39,2020-11-09,"Ventilador",2109152
"Sonora",22.5,2020-11-09,"General",2109152
"Sonora",18.72,2020-11-10,"Ventilador",2109152
"Sonora",23.17,2020-11-10,"General",2109152
"Sonora",38.29,2020-11-10,"UCI",2109152
"Sonora",31.91,2020-11-11,"UCI",2109152
"Sonora",21.84,2020-11-11,"General",2109152
"Sonora",20.93,2020-11-11,"Ventilador",2109152
"Sonora",24.18,2020-11-12,"General",2109152
"Sonora",42,2020-11-12,"UCI",2109152
"Sonora",26.69,2020-11-12,"Ventilador",2109152
"Sonora",16.56,2020-11-13,"Ventilador",2109152
"Sonora",18.75,2020-11-13,"UCI",2109152
"Sonora",28.36,2020-11-13,"General",2109152
"Sonora",26.05,2020-11-14,"General",2109152
"Sonora",25.6,2020-11-14,"Ventilador",2109152
"Sonora",42.85,2020-11-14,"UCI",2109152
"Sonora",44.44,2020-11-15,"UCI",2109152
"Sonora",26.31,2020-11-15,"General",2109152
"Sonora",25.66,2020-11-15,"Ventilador",2109152
"Sonora",59.52,2020-11-16,"UCI",2109152
"Sonora",34.72,2020-11-16,"Ventilador",2109152
"Sonora",28.08,2020-11-16,"General",2109152
"Sonora",28.86,2020-11-17,"General",2109152
"Sonora",28.3,2020-11-17,"Ventilador",2109152
"Sonora",47.27,2020-11-17,"UCI",2109152
"Sonora",52.08,2020-11-18,"UCI",2109152
"Sonora",25.78,2020-11-18,"Ventilador",2109152
"Sonora",31.46,2020-11-18,"General",2109152
"Sonora",40,2020-11-19,"UCI",2109152
"Sonora",33.73,2020-11-19,"General",2109152
"Sonora",26.26,2020-11-19,"Ventilador",2109152
"Sonora",31.26,2020-11-20,"General",2109152
"Sonora",25.75,2020-11-20,"Ventilador",2109152
"Sonora",43.39,2020-11-20,"UCI",2109152
"Sonora",27.31,2020-11-21,"Ventilador",2109152
"Sonora",44.73,2020-11-21,"UCI",2109152
"Sonora",31.71,2020-11-21,"General",2109152
"Sonora",27.72,2020-11-22,"Ventilador",2109152
"Sonora",36.56,2020-11-22,"General",2109152
"Sonora",45.94,2020-11-22,"UCI",2109152
"Sonora",25.92,2020-11-23,"Ventilador",2109152
"Sonora",46.42,2020-11-23,"UCI",2109152
"Sonora",36.78,2020-11-23,"General",2109152
"Sonora",33.23,2020-11-24,"General",2109152
"Sonora",40.98,2020-11-24,"UCI",2109152
"Sonora",28.38,2020-11-24,"Ventilador",2109152
"Sonora",30.18,2020-11-25,"UCI",2109152
"Sonora",26.51,2020-11-25,"Ventilador",2109152
"Sonora",35.8,2020-11-25,"General",2109152
"Sonora",26.66,2020-11-26,"UCI",2109152
"Sonora",35.21,2020-11-26,"General",2109152
"Sonora",28.35,2020-11-26,"Ventilador",2109152
"Sonora",32.81,2020-11-27,"UCI",2109152
"Sonora",28.09,2020-11-27,"Ventilador",2109152
"Sonora",35.78,2020-11-27,"General",2109152
"Sonora",37.12,2020-11-28,"General",2109152
"Sonora",29.84,2020-11-28,"Ventilador",2109152
"Sonora",32.43,2020-11-28,"UCI",2109152
"Sonora",28.64,2020-11-29,"Ventilador",2109152
"Sonora",36.98,2020-11-29,"General",2109152
"Sonora",16.66,2020-11-29,"UCI",2109152
"Sonora",18.75,2020-11-30,"UCI",2109152
"Sonora",38.6,2020-11-30,"General",2109152
"Sonora",28.77,2020-11-30,"Ventilador",2109152
"Sonora",39.69,2020-12-01,"General",2109152
"Sonora",25.83,2020-12-01,"Ventilador",2109152
"Sonora",18.36,2020-12-01,"UCI",2109152
"Sonora",35.84,2020-12-02,"UCI",2109152
"Sonora",26.08,2020-12-02,"Ventilador",2109152
"Sonora",39,2020-12-02,"General",2109152
"Sonora",43.24,2020-12-03,"General",2109152
"Sonora",27.8,2020-12-03,"Ventilador",2109152
"Sonora",25,2020-12-03,"UCI",2109152
"Sonora",40.18,2020-12-04,"General",2109152
"Sonora",30.04,2020-12-04,"Ventilador",2109152
"Sonora",28.2,2020-12-04,"UCI",2109152
"Sonora",28.35,2020-12-05,"Ventilador",2109152
"Sonora",45.36,2020-12-05,"General",2109152
"Sonora",36.66,2020-12-05,"UCI",2109152
"Sonora",34.21,2020-12-06,"Ventilador",2109152
"Sonora",42.72,2020-12-06,"General",2109152
"Sonora",27.45,2020-12-06,"UCI",2109152
"Sonora",32.25,2020-12-07,"UCI",2109152
"Sonora",42.11,2020-12-07,"General",2109152
"Sonora",32.27,2020-12-07,"Ventilador",2109152
"Sonora",24.48,2020-12-08,"UCI",2109152
"Sonora",33.49,2020-12-08,"Ventilador",2109152
"Sonora",45.23,2020-12-08,"General",2109152
"Sonora",30,2020-12-09,"UCI",2109152
"Sonora",41.42,2020-12-09,"General",2109152
"Sonora",36.86,2020-12-09,"Ventilador",2109152
"Sonora",30.67,2020-12-10,"Ventilador",2109152
"Sonora",42.28,2020-12-10,"General",2109152
"Sonora",26.66,2020-12-10,"UCI",2109152
"Sonora",33.33,2020-12-11,"Ventilador",2109152
"Sonora",43.11,2020-12-11,"General",2109152
"Sonora",44.11,2020-12-11,"UCI",2109152
"Sonora",43.75,2020-12-12,"General",2109152
"Sonora",47.69,2020-12-12,"UCI",2109152
"Sonora",33.33,2020-12-12,"Ventilador",2109152
"Sonora",42.28,2020-12-13,"General",2109152
"Sonora",51.11,2020-12-13,"UCI",2109152
"Sonora",40.95,2020-12-13,"Ventilador",2109152
"Sonora",42.09,2020-12-14,"General",2109152
"Sonora",34.63,2020-12-14,"Ventilador",2109152
"Sonora",42.85,2020-12-14,"UCI",2109152
"Sonora",44.36,2020-12-15,"General",2109152
"Sonora",40,2020-12-15,"Ventilador",2109152
"Sonora",44.44,2020-12-15,"UCI",2109152
"Sonora",48.54,2020-12-16,"General",2109152
"Sonora",44.06,2020-12-16,"UCI",2109152
"Sonora",39.8,2020-12-16,"Ventilador",2109152
"Sonora",41.45,2020-12-17,"Ventilador",2109152
"Sonora",39.21,2020-12-17,"UCI",2109152
"Sonora",50.69,2020-12-17,"General",2109152
"Sonora",41.59,2020-12-18,"Ventilador",2109152
"Sonora",51.48,2020-12-18,"General",2109152
"Sonora",41.26,2020-12-18,"UCI",2109152
"Sonora",52.93,2020-12-19,"General",2109152
"Sonora",50,2020-12-19,"UCI",2109152
"Sonora",45.7,2020-12-19,"Ventilador",2109152
"Sonora",39.58,2020-12-20,"UCI",2109152
"Sonora",40.97,2020-12-20,"Ventilador",2109152
"Sonora",51.28,2020-12-20,"General",2109152
"Sonora",37.55,2020-12-21,"Ventilador",2109152
"Sonora",52.45,2020-12-21,"General",2109152
"Sonora",42.37,2020-12-21,"UCI",2109152
"Sonora",46.77,2020-12-22,"UCI",2109152
"Sonora",53.53,2020-12-22,"General",2109152
"Sonora",40.92,2020-12-22,"Ventilador",2109152
"Sonora",44.82,2020-12-23,"UCI",2109152
"Sonora",35.2,2020-12-23,"Ventilador",2109152
"Sonora",53.22,2020-12-23,"General",2109152
"Sonora",60,2020-12-24,"UCI",2109152
"Sonora",36.63,2020-12-24,"Ventilador",2109152
"Sonora",53.83,2020-12-24,"General",2109152
"Sonora",37.87,2020-12-25,"UCI",2109152
"Sonora",33.33,2020-12-25,"Ventilador",2109152
"Sonora",53.11,2020-12-25,"General",2109152
"Sonora",47.05,2020-12-26,"UCI",2109152
"Sonora",49.55,2020-12-26,"General",2109152
"Sonora",38.32,2020-12-26,"Ventilador",2109152
"Sonora",34.88,2020-12-27,"UCI",2109152
"Sonora",52.14,2020-12-27,"General",2109152
"Sonora",34.34,2020-12-27,"Ventilador",2109152
"Sonora",37.6,2020-12-28,"Ventilador",2109152
"Sonora",44.06,2020-12-28,"UCI",2109152
"Sonora",51.9,2020-12-28,"General",2109152
"Sonora",39.11,2020-12-29,"Ventilador",2109152
"Sonora",51.95,2020-12-29,"General",2109152
"Sonora",39.34,2020-12-29,"UCI",2109152
"Sonora",48.77,2020-12-30,"General",2109152
"Sonora",35.34,2020-12-30,"Ventilador",2109152
"Sonora",36.17,2020-12-30,"UCI",2109152
"Sonora",43.42,2020-12-31,"Ventilador",2109152
"Sonora",48.38,2020-12-31,"UCI",2109152
"Sonora",50.66,2020-12-31,"General",2109152
"Sonora",42.08,2021-01-01,"Ventilador",2109152
"Sonora",50,2021-01-01,"UCI",2109152
"Sonora",50.95,2021-01-01,"General",2109152
"Sonora",44.24,2021-01-02,"Ventilador",2109152
"Sonora",51.84,2021-01-02,"General",2109152
"Sonora",63.63,2021-01-02,"UCI",2109152
"Sonora",49.09,2021-01-03,"UCI",2109152
"Sonora",51.07,2021-01-03,"General",2109152
"Sonora",39.55,2021-01-03,"Ventilador",2109152
"Sonora",56.69,2021-01-04,"General",2109152
"Sonora",42.62,2021-01-04,"UCI",2109152
"Sonora",40.86,2021-01-04,"Ventilador",2109152
"Sonora",40.61,2021-01-05,"Ventilador",2109152
"Sonora",37.14,2021-01-05,"UCI",2109152
"Sonora",54.04,2021-01-05,"General",2109152
"Sonora",40,2021-01-06,"UCI",2109152
"Sonora",52.66,2021-01-06,"General",2109152
"Sonora",39.06,2021-01-06,"Ventilador",2109152
"Sonora",42.85,2021-01-07,"UCI",2109152
"Sonora",41.94,2021-01-07,"Ventilador",2109152
"Sonora",52.59,2021-01-07,"General",2109152
"Sonora",39.79,2021-01-08,"General",2109152
"Sonora",22.83,2021-01-08,"Ventilador",2109152
"Sonora",25.64,2021-01-08,"UCI",2109152
"Sonora",59.17,2021-01-09,"General",2109152
"Sonora",40.35,2021-01-09,"UCI",2109152
"Sonora",45.41,2021-01-09,"Ventilador",2109152
"Sonora",41.07,2021-01-10,"UCI",2109152
"Sonora",45.53,2021-01-10,"Ventilador",2109152
"Sonora",58.94,2021-01-10,"General",2109152
"Sonora",43.3,2021-01-11,"Ventilador",2109152
"Sonora",59.48,2021-01-11,"General",2109152
"Sonora",33.33,2021-01-11,"UCI",2109152
"Sonora",34.42,2021-01-12,"UCI",2109152
"Sonora",58.94,2021-01-12,"General",2109152
"Sonora",43.08,2021-01-12,"Ventilador",2109152
"Sonora",44.68,2021-01-13,"Ventilador",2109152
"Sonora",37.93,2021-01-13,"UCI",2109152
"Sonora",58.56,2021-01-13,"General",2109152
"Sonora",59.54,2021-01-14,"General",2109152
"Sonora",36.92,2021-01-14,"UCI",2109152
"Sonora",42.79,2021-01-14,"Ventilador",2109152
"Sonora",57.25,2021-01-15,"General",2109152
"Sonora",43.07,2021-01-15,"UCI",2109152
"Sonora",48.63,2021-01-15,"Ventilador",2109152
"Sonora",46.28,2021-01-16,"Ventilador",2109152
"Sonora",56.12,2021-01-16,"General",2109152
"Sonora",43.93,2021-01-16,"UCI",2109152
"Sonora",45.12,2021-01-17,"Ventilador",2109152
"Sonora",52.52,2021-01-17,"General",2109152
"Sonora",45.31,2021-01-17,"UCI",2109152
"Sonora",39.92,2021-01-18,"Ventilador",2109152
"Sonora",34.78,2021-01-18,"UCI",2109152
"Sonora",55.42,2021-01-18,"General",2109152
"Sonora",41.13,2021-01-19,"Ventilador",2109152
"Sonora",54.15,2021-01-19,"General",2109152
"Sonora",44.87,2021-01-19,"UCI",2109152
"Sonora",57.77,2021-01-20,"General",2109152
"Sonora",31.25,2021-01-20,"UCI",2109152
"Sonora",37.72,2021-01-20,"Ventilador",2109152
"Sonora",31.81,2021-01-21,"UCI",2109152
"Sonora",55.92,2021-01-21,"General",2109152
"Sonora",39.92,2021-01-21,"Ventilador",2109152
"Sonora",39.6,2021-01-22,"Ventilador",2109152
"Sonora",50.88,2021-01-22,"General",2109152
"Sonora",38.46,2021-01-22,"UCI",2109152
"Sonora",48.98,2021-01-23,"General",2109152
"Sonora",40.46,2021-01-23,"Ventilador",2109152
"Sonora",39.68,2021-01-23,"UCI",2109152
"Sonora",41.96,2021-01-24,"Ventilador",2109152
"Sonora",37.93,2021-01-24,"UCI",2109152
"Sonora",49.45,2021-01-24,"General",2109152
"Sonora",34.18,2021-01-25,"Ventilador",2109152
"Sonora",35.08,2021-01-25,"UCI",2109152
"Sonora",48.91,2021-01-25,"General",2109152
"Sonora",39.57,2021-01-26,"Ventilador",2109152
"Sonora",48.53,2021-01-26,"General",2109152
"Sonora",33.84,2021-01-26,"UCI",2109152
"Sonora",39.06,2021-01-27,"UCI",2109152
"Sonora",45.43,2021-01-27,"General",2109152
"Sonora",37.5,2021-01-27,"Ventilador",2109152
"Sonora",23.68,2021-01-28,"UCI",2109152
"Sonora",45.34,2021-01-28,"General",2109152
"Sonora",32.63,2021-01-28,"Ventilador",2109152
"Sonora",44.51,2021-01-29,"General",2109152
"Sonora",39.46,2021-01-29,"Ventilador",2109152
"Sonora",40.29,2021-01-29,"UCI",2109152
"Sonora",44.18,2021-01-30,"General",2109152
"Sonora",38.46,2021-01-30,"UCI",2109152
"Sonora",36.23,2021-01-30,"Ventilador",2109152
"Sonora",39.06,2021-01-31,"UCI",2109152
"Sonora",35.46,2021-01-31,"Ventilador",2109152
"Sonora",44.04,2021-01-31,"General",2109152
"Sonora",35.4,2021-02-01,"Ventilador",2109152
"Sonora",42.85,2021-02-01,"UCI",2109152
"Sonora",42.42,2021-02-01,"General",2109152
"Sonora",39.39,2021-02-02,"UCI",2109152
"Sonora",36.49,2021-02-02,"Ventilador",2109152
"Sonora",43.89,2021-02-02,"General",2109152
"Sonora",31.57,2021-02-03,"Ventilador",2109152
"Sonora",37.83,2021-02-03,"UCI",2109152
"Sonora",39.94,2021-02-03,"General",2109152
"Sonora",39.03,2021-02-04,"General",2109152
"Sonora",31.88,2021-02-04,"UCI",2109152
"Sonora",31.2,2021-02-04,"Ventilador",2109152
"Sonora",30.53,2021-02-05,"Ventilador",2109152
"Sonora",37.88,2021-02-05,"General",2109152
"Sonora",34.92,2021-02-05,"UCI",2109152
"Sonora",27.62,2021-02-06,"Ventilador",2109152
"Sonora",24.48,2021-02-06,"UCI",2109152
"Sonora",36.84,2021-02-06,"General",2109152
"Sonora",36.19,2021-02-07,"General",2109152
"Sonora",26.78,2021-02-07,"Ventilador",2109152
"Sonora",27.27,2021-02-07,"UCI",2109152
"Sonora",26.79,2021-02-08,"Ventilador",2109152
"Sonora",31.5,2021-02-08,"UCI",2109152
"Sonora",33.79,2021-02-08,"General",2109152
"Sonora",26.38,2021-02-09,"UCI",2109152
"Sonora",25.48,2021-02-09,"Ventilador",2109152
"Sonora",33.03,2021-02-09,"General",2109152
"Sonora",21.87,2021-02-10,"UCI",2109152
"Sonora",25.27,2021-02-10,"Ventilador",2109152
"Sonora",32.95,2021-02-10,"General",2109152
"Sonora",32.66,2021-02-11,"General",2109152
"Sonora",20.63,2021-02-11,"UCI",2109152
"Sonora",22.83,2021-02-11,"Ventilador",2109152
"Sonora",23.3,2021-02-12,"Ventilador",2109152
"Sonora",29.28,2021-02-12,"General",2109152
"Sonora",22.97,2021-02-12,"UCI",2109152
"Sonora",24.47,2021-02-13,"Ventilador",2109152
"Sonora",26.08,2021-02-13,"UCI",2109152
"Sonora",29.64,2021-02-13,"General",2109152
"Sonora",22.67,2021-02-14,"Ventilador",2109152
"Sonora",27.17,2021-02-14,"General",2109152
"Sonora",24.61,2021-02-14,"UCI",2109152
"Sonora",23.28,2021-02-15,"General",2109152
"Sonora",41.37,2021-02-15,"UCI",2109152
"Sonora",15.92,2021-02-15,"Ventilador",2109152
"Sonora",16,2021-02-16,"Ventilador",2109152
"Sonora",20.75,2021-02-16,"UCI",2109152
"Sonora",15.75,2021-02-16,"General",2109152
"Sonora",11.15,2021-02-17,"General",2109152
"Sonora",14.58,2021-02-17,"UCI",2109152
"Sonora",11.37,2021-02-17,"Ventilador",2109152
"Sonora",23.56,2021-02-18,"General",2109152
"Sonora",18.51,2021-02-18,"UCI",2109152
"Sonora",20.58,2021-02-18,"Ventilador",2109152
"Sonora",22.14,2021-02-19,"Ventilador",2109152
"Sonora",21.99,2021-02-19,"General",2109152
"Sonora",21.51,2021-02-19,"UCI",2109152
"Sonora",18.98,2021-02-20,"UCI",2109152
"Sonora",21.6,2021-02-20,"General",2109152
"Sonora",19.14,2021-02-20,"Ventilador",2109152
"Sonora",19.29,2021-02-21,"Ventilador",2109152
"Sonora",23.06,2021-02-21,"General",2109152
"Sonora",25.45,2021-02-21,"UCI",2109152
"Sonora",19.05,2021-02-22,"General",2109152
"Sonora",17.3,2021-02-22,"Ventilador",2109152
"Sonora",17.28,2021-02-22,"UCI",2109152
"Sonora",16.1,2021-02-23,"Ventilador",2109152
"Sonora",20.63,2021-02-23,"UCI",2109152
"Sonora",19.68,2021-02-23,"General",2109152
"Sonora",15.16,2021-02-24,"General",2109152
"Sonora",15.09,2021-02-24,"UCI",2109152
"Sonora",14.08,2021-02-24,"Ventilador",2109152
"Sonora",13.79,2021-02-25,"UCI",2109152
"Sonora",14.23,2021-02-25,"Ventilador",2109152
"Sonora",16.37,2021-02-25,"General",2109152
"Sonora",9.45,2021-02-26,"UCI",2109152
"Sonora",10.95,2021-02-26,"Ventilador",2109152
"Sonora",13.25,2021-02-26,"General",2109152
"Sonora",17.02,2021-02-27,"UCI",2109152
"Sonora",12.18,2021-02-27,"Ventilador",2109152
"Sonora",14.91,2021-02-27,"General",2109152
"Sonora",10.6,2021-02-28,"Ventilador",2109152
"Sonora",16,2021-02-28,"UCI",2109152
"Sonora",15.28,2021-02-28,"General",2109152
"Sonora",11.73,2021-03-01,"General",2109152
"Sonora",8.6,2021-03-01,"Ventilador",2109152
"Sonora",12.98,2021-03-01,"UCI",2109152
"Sonora",19.23,2021-03-02,"UCI",2109152
"Sonora",7.69,2021-03-02,"Ventilador",2109152
"Sonora",12.28,2021-03-02,"General",2109152
"Sonora",6.45,2021-03-03,"Ventilador",2109152
"Sonora",12.41,2021-03-03,"General",2109152
"Sonora",14.81,2021-03-03,"UCI",2109152
"Sonora",12.13,2021-03-04,"General",2109152
"Sonora",8.16,2021-03-04,"Ventilador",2109152
"Sonora",10.41,2021-03-04,"UCI",2109152
"Sonora",6.99,2021-03-05,"Ventilador",2109152
"Sonora",12.65,2021-03-05,"UCI",2109152
"Sonora",9.8,2021-03-05,"General",2109152
"Sonora",12.4,2021-03-06,"General",2109152
"Sonora",19.51,2021-03-06,"UCI",2109152
"Sonora",9.77,2021-03-06,"Ventilador",2109152
"Sonora",14.44,2021-03-07,"General",2109152
"Sonora",8.92,2021-03-07,"Ventilador",2109152
"Sonora",8.82,2021-03-07,"UCI",2109152
"Sonora",10,2021-03-08,"General",2109152
"Sonora",7.8,2021-03-08,"Ventilador",2109152
"Sonora",12.5,2021-03-08,"UCI",2109152
"Sonora",4.83,2021-03-09,"UCI",2109152
"Sonora",7.16,2021-03-09,"Ventilador",2109152
"Sonora",13.07,2021-03-09,"General",2109152
"Sonora",7.94,2021-03-10,"Ventilador",2109152
"Sonora",14.25,2021-03-10,"General",2109152
"Sonora",17.02,2021-03-10,"UCI",2109152
"Sonora",7.66,2021-03-11,"Ventilador",2109152
"Sonora",8.69,2021-03-11,"UCI",2109152
"Sonora",13.27,2021-03-11,"General",2109152
"Sonora",9.21,2021-03-12,"UCI",2109152
"Sonora",11.02,2021-03-12,"General",2109152
"Sonora",5.42,2021-03-12,"Ventilador",2109152
"Sonora",10.44,2021-03-13,"UCI",2109152
"Sonora",13.6,2021-03-13,"General",2109152
"Sonora",5.88,2021-03-13,"Ventilador",2109152
"Sonora",11.86,2021-03-14,"UCI",2109152
"Sonora",16.18,2021-03-14,"General",2109152
"Sonora",7.37,2021-03-14,"Ventilador",2109152
"Sonora",16.66,2021-03-16,"General",2109152
"Sonora",13.69,2021-03-16,"UCI",2109152
"Sonora",8.05,2021-03-16,"Ventilador",2109152
"Sonora",12.5,2021-03-17,"UCI",2109152
"Sonora",16.42,2021-03-17,"General",2109152
"Sonora",9.13,2021-03-17,"Ventilador",2109152
"Sonora",16.83,2021-03-18,"General",2109152
"Sonora",9.31,2021-03-18,"Ventilador",2109152
"Sonora",19.73,2021-03-18,"UCI",2109152
"Sonora",10.23,2021-03-19,"Ventilador",2109152
"Sonora",15.8,2021-03-19,"General",2109152
"Sonora",21.05,2021-03-19,"UCI",2109152
"Sonora",15.93,2021-03-20,"General",2109152
"Sonora",11.73,2021-03-20,"Ventilador",2109152
"Sonora",23.52,2021-03-20,"UCI",2109152
"Sonora",25,2021-03-21,"UCI",2109152
"Sonora",16.79,2021-03-21,"General",2109152
"Sonora",12.62,2021-03-21,"Ventilador",2109152
"Sonora",11.19,2021-03-22,"Ventilador",2109152
"Sonora",15.8,2021-03-22,"General",2109152
"Sonora",20.83,2021-03-22,"UCI",2109152
"Sonora",11.63,2021-03-23,"Ventilador",2109152
"Sonora",20,2021-03-23,"UCI",2109152
"Sonora",15.27,2021-03-23,"General",2109152
"Sonora",14.63,2021-03-24,"UCI",2109152
"Sonora",9.96,2021-03-24,"Ventilador",2109152
"Sonora",16.26,2021-03-24,"General",2109152
"Sonora",13.76,2021-03-25,"General",2109152
"Sonora",12.32,2021-03-25,"Ventilador",2109152
"Sonora",17.33,2021-03-25,"UCI",2109152
"Sonora",17.94,2021-03-26,"UCI",2109152
"Sonora",12.21,2021-03-26,"Ventilador",2109152
"Sonora",14.72,2021-03-26,"General",2109152
"Sonora",15.78,2021-03-28,"UCI",2109152
"Sonora",15.58,2021-03-28,"General",2109152
"Sonora",9.04,2021-03-28,"Ventilador",2109152
"Sonora",10.23,2021-03-29,"Ventilador",2109152
"Sonora",16.22,2021-03-29,"General",2109152
"Sonora",25,2021-03-29,"UCI",2109152
"Sonora",11.52,2021-03-30,"Ventilador",2109152
"Sonora",21.81,2021-03-30,"UCI",2109152
"Sonora",20.1,2021-03-30,"General",2109152
"Sonora",17.62,2021-03-31,"General",2109152
"Sonora",20,2021-03-31,"UCI",2109152
"Sonora",10.81,2021-03-31,"Ventilador",2109152
"Sonora",20.45,2021-04-01,"UCI",2109152
"Sonora",11,2021-04-01,"Ventilador",2109152
"Sonora",19.7,2021-04-01,"General",2109152
"Sonora",9.6,2021-04-02,"Ventilador",2109152
"Sonora",16.32,2021-04-02,"UCI",2109152
"Sonora",18.05,2021-04-02,"General",2109152
"Sonora",20.4,2021-04-03,"UCI",2109152
"Sonora",18.11,2021-04-03,"General",2109152
"Sonora",8.29,2021-04-03,"Ventilador",2109152
"Sonora",12.67,2021-04-04,"Ventilador",2109152
"Sonora",20.61,2021-04-04,"General",2109152
"Sonora",25.45,2021-04-04,"UCI",2109152
"Sonora",12.87,2021-04-05,"Ventilador",2109152
"Sonora",18.18,2021-04-05,"UCI",2109152
"Sonora",18.36,2021-04-05,"General",2109152
"Sonora",17.85,2021-04-06,"UCI",2109152
"Sonora",16.77,2021-04-06,"General",2109152
"Sonora",14.76,2021-04-06,"Ventilador",2109152
"Sonora",15.04,2021-04-07,"General",2109152
"Sonora",15.45,2021-04-07,"Ventilador",2109152
"Sonora",11.62,2021-04-07,"UCI",2109152
"Sonora",13.23,2021-04-08,"UCI",2109152
"Sonora",16.01,2021-04-08,"Ventilador",2109152
"Sonora",15.77,2021-04-08,"General",2109152
"Sonora",20.27,2021-04-09,"UCI",2109152
"Sonora",16.55,2021-04-09,"General",2109152
"Sonora",17.17,2021-04-09,"Ventilador",2109152
"Sonora",17.61,2021-04-10,"General",2109152
"Sonora",14.39,2021-04-10,"Ventilador",2109152
"Sonora",17.72,2021-04-10,"UCI",2109152
"Sonora",15.35,2021-04-11,"Ventilador",2109152
"Sonora",16.17,2021-04-11,"UCI",2109152
"Sonora",17.61,2021-04-11,"General",2109152
"Sonora",15.95,2021-04-12,"General",2109152
"Sonora",16,2021-04-12,"UCI",2109152
"Sonora",12.26,2021-04-12,"Ventilador",2109152
"Sonora",15.22,2021-04-13,"General",2109152
"Sonora",15.41,2021-04-13,"Ventilador",2109152
"Sonora",16,2021-04-13,"UCI",2109152
"Sonora",16.45,2021-04-14,"UCI",2109152
"Sonora",12.54,2021-04-14,"Ventilador",2109152
"Sonora",15.52,2021-04-14,"General",2109152
"Sonora",12.31,2021-04-15,"Ventilador",2109152
"Sonora",13.33,2021-04-15,"UCI",2109152
"Sonora",16.24,2021-04-15,"General",2109152
"Sonora",16.08,2021-04-16,"General",2109152
"Sonora",15.18,2021-04-16,"UCI",2109152
"Sonora",12.5,2021-04-16,"Ventilador",2109152
"Sonora",13.09,2021-04-17,"Ventilador",2109152
"Sonora",16.6,2021-04-17,"General",2109152
"Sonora",15.71,2021-04-17,"UCI",2109152
"Sonora",15.49,2021-04-18,"UCI",2109152
"Sonora",15.94,2021-04-18,"General",2109152
"Sonora",14.11,2021-04-18,"Ventilador",2109152
"Sonora",14.4,2021-04-19,"General",2109152
"Sonora",16.66,2021-04-19,"Ventilador",2109152
"Sonora",25,2021-04-19,"UCI",2109152
"Sonora",22.78,2021-04-20,"UCI",2109152
"Sonora",15.6,2021-04-20,"Ventilador",2109152
"Sonora",14.06,2021-04-20,"General",2109152
"Sonora",21.73,2021-04-21,"UCI",2109152
"Sonora",15.7,2021-04-21,"Ventilador",2109152
"Sonora",14.55,2021-04-21,"General",2109152
"Sonora",20,2021-04-22,"UCI",2109152
"Sonora",13.4,2021-04-22,"Ventilador",2109152
"Sonora",11.21,2021-04-22,"General",2109152
"Sonora",11.29,2021-04-23,"General",2109152
"Sonora",12.68,2021-04-23,"Ventilador",2109152
"Sonora",17.85,2021-04-23,"UCI",2109152
"Sonora",11.39,2021-04-24,"Ventilador",2109152
"Sonora",10.69,2021-04-24,"General",2109152
"Sonora",9.83,2021-04-24,"UCI",2109152
"Sonora",10.52,2021-04-25,"Ventilador",2109152
"Sonora",7.81,2021-04-25,"UCI",2109152
"Sonora",9.74,2021-04-25,"General",2109152
"Sonora",11.41,2021-04-26,"Ventilador",2109152
"Sonora",15.09,2021-04-26,"UCI",2109152
"Sonora",10.23,2021-04-26,"General",2109152
"Sonora",12.67,2021-04-27,"UCI",2109152
"Sonora",11.11,2021-04-27,"Ventilador",2109152
"Sonora",11.09,2021-04-27,"General",2109152
"Sonora",10.03,2021-04-28,"Ventilador",2109152
"Sonora",13.04,2021-04-28,"UCI",2109152
"Sonora",10.21,2021-04-28,"General",2109152
"Sonora",9.05,2021-04-29,"Ventilador",2109152
"Sonora",8.77,2021-04-29,"General",2109152
"Sonora",15.71,2021-04-29,"UCI",2109152
"Sonora",14.7,2021-04-30,"UCI",2109152
"Sonora",9.21,2021-04-30,"Ventilador",2109152
"Sonora",9.59,2021-04-30,"General",2109152
"Sonora",9.66,2021-05-03,"General",2109152
"Sonora",10.3,2021-05-03,"Ventilador",2109152
"Sonora",17.3,2021-05-03,"UCI",2109152
"Sonora",13.63,2021-05-04,"UCI",2109152
"Sonora",7.58,2021-05-04,"Ventilador",2109152
"Sonora",8.99,2021-05-04,"General",2109152
"Sonora",7.17,2021-05-05,"Ventilador",2109152
"Sonora",8.71,2021-05-05,"General",2109152
"Sonora",12,2021-05-05,"UCI",2109152
"Sonora",8.36,2021-05-06,"General",2109152
"Sonora",6.63,2021-05-06,"Ventilador",2109152
"Sonora",6.52,2021-05-06,"UCI",2109152
"Sonora",6.04,2021-05-07,"Ventilador",2109152
"Sonora",8.16,2021-05-07,"UCI",2109152
"Sonora",8.33,2021-05-07,"General",2109152
"Sonora",9.34,2021-05-08,"General",2109152
"Sonora",5.79,2021-05-08,"Ventilador",2109152
"Sonora",25,2021-05-08,"UCI",2109152
"Sonora",23.25,2021-05-09,"UCI",2109152
"Sonora",8.72,2021-05-09,"General",2109152
"Sonora",4.61,2021-05-09,"Ventilador",2109152
"Sonora",4.78,2021-05-10,"Ventilador",2109152
"Sonora",18.18,2021-05-10,"UCI",2109152
"Sonora",8.94,2021-05-10,"General",2109152
"Sonora",4.58,2021-05-11,"Ventilador",2109152
"Sonora",19.23,2021-05-11,"UCI",2109152
"Sonora",6.23,2021-05-11,"General",2109152
"Sonora",21.27,2021-05-12,"UCI",2109152
"Sonora",7.5,2021-05-12,"General",2109152
"Sonora",4.12,2021-05-12,"Ventilador",2109152
"Sonora",23.63,2021-05-13,"UCI",2109152
"Sonora",3.57,2021-05-13,"Ventilador",2109152
"Sonora",8.5,2021-05-13,"General",2109152
"Sonora",10.31,2021-05-14,"General",2109152
"Sonora",32.5,2021-05-14,"UCI",2109152
"Sonora",5.55,2021-05-14,"Ventilador",2109152
"Sonora",5.61,2021-05-15,"Ventilador",2109152
"Sonora",30.95,2021-05-15,"UCI",2109152
"Sonora",12.93,2021-05-15,"General",2109152
"Sonora",4.78,2021-05-16,"Ventilador",2109152
"Sonora",34.21,2021-05-16,"UCI",2109152
"Sonora",14.74,2021-05-16,"General",2109152
"Sonora",11.76,2021-05-20,"General",2109152
"Sonora",8.92,2021-05-20,"Ventilador",2109152
"Sonora",44.44,2021-05-20,"UCI",2109152
"Sonora",8.84,2021-05-21,"General",2109152
"Sonora",36.84,2021-05-21,"UCI",2109152
"Sonora",9.95,2021-05-21,"Ventilador",2109152
"Sonora",35.71,2021-05-22,"UCI",2109152
"Sonora",10.54,2021-05-22,"General",2109152
"Sonora",9.59,2021-05-22,"Ventilador",2109152
"Sonora",44.73,2021-05-24,"UCI",2109152
"Sonora",11.66,2021-05-24,"General",2109152
"Sonora",10.6,2021-05-24,"Ventilador",2109152
"Sonora",13.14,2021-05-25,"General",2109152
"Sonora",33.33,2021-05-25,"UCI",2109152
"Sonora",10.32,2021-05-25,"Ventilador",2109152
"Sonora",11.11,2021-05-26,"Ventilador",2109152
"Sonora",12.46,2021-05-26,"General",2109152
"Sonora",45.94,2021-05-26,"UCI",2109152
"Sonora",15.9,2021-05-27,"General",2109152
"Sonora",40.54,2021-05-27,"UCI",2109152
"Sonora",11.53,2021-05-27,"Ventilador",2109152
"Sonora",14.52,2021-05-28,"General",2109152
"Sonora",11.55,2021-05-28,"Ventilador",2109152
"Sonora",38.09,2021-05-28,"UCI",2109152
"Sonora",11.95,2021-05-29,"Ventilador",2109152
"Sonora",43.58,2021-05-29,"UCI",2109152
"Sonora",17.66,2021-05-29,"General",2109152
"Sonora",18.34,2021-05-30,"General",2109152
"Sonora",13.01,2021-05-30,"Ventilador",2109152
"Sonora",42.85,2021-05-30,"UCI",2109152
"Sonora",25,2021-05-31,"UCI",2109152
"Sonora",10.16,2021-05-31,"Ventilador",2109152
"Sonora",26.33,2021-05-31,"General",2109152
"Sonora",27.9,2021-06-01,"UCI",2109152
"Sonora",11.11,2021-06-01,"Ventilador",2109152
"Sonora",22.57,2021-06-01,"General",2109152
"Sonora",11.38,2021-06-02,"Ventilador",2109152
"Sonora",20.66,2021-06-02,"General",2109152
"Sonora",26.53,2021-06-02,"UCI",2109152
"Sonora",10.21,2021-06-03,"Ventilador",2109152
"Sonora",20.06,2021-06-03,"General",2109152
"Sonora",20,2021-06-03,"UCI",2109152
"Sonora",17.64,2021-06-04,"General",2109152
"Sonora",21.05,2021-06-04,"UCI",2109152
"Sonora",12.28,2021-06-04,"Ventilador",2109152
"Sonora",22.22,2021-06-05,"UCI",2109152
"Sonora",14.37,2021-06-05,"Ventilador",2109152
"Sonora",18.3,2021-06-05,"General",2109152
"Sonora",22.5,2021-06-06,"UCI",2109152
"Sonora",13.63,2021-06-06,"Ventilador",2109152
"Sonora",15.85,2021-06-06,"General",2109152
"Sonora",12.07,2021-06-07,"Ventilador",2109152
"Sonora",14.72,2021-06-07,"General",2109152
"Sonora",20.4,2021-06-07,"UCI",2109152
"Sonora",15.02,2021-06-08,"Ventilador",2109152
"Sonora",19.55,2021-06-08,"General",2109152
"Sonora",28.57,2021-06-08,"UCI",2109152
"Sonora",12.29,2021-06-09,"Ventilador",2109152
"Sonora",19.57,2021-06-09,"General",2109152
"Sonora",27.27,2021-06-09,"UCI",2109152
"Sonora",12.9,2021-06-10,"Ventilador",2109152
"Sonora",20.91,2021-06-10,"General",2109152
"Sonora",29.54,2021-06-10,"UCI",2109152
"Sonora",25.08,2021-06-12,"General",2109152
"Sonora",32.43,2021-06-12,"UCI",2109152
"Sonora",16.47,2021-06-12,"Ventilador",2109152
"Sonora",42.85,2021-06-13,"UCI",2109152
"Sonora",17,2021-06-13,"Ventilador",2109152
"Sonora",25.64,2021-06-13,"General",2109152
"Sonora",40.54,2021-06-14,"UCI",2109152
"Sonora",16.77,2021-06-14,"Ventilador",2109152
"Sonora",24.32,2021-06-14,"General",2109152
"Sonora",31.81,2021-06-15,"UCI",2109152
"Sonora",19.31,2021-06-15,"Ventilador",2109152
"Sonora",26.31,2021-06-15,"General",2109152
"Sonora",23.98,2021-06-16,"General",2109152
"Sonora",40,2021-06-16,"UCI",2109152
"Sonora",20,2021-06-16,"Ventilador",2109152
"Sonora",28.57,2021-06-17,"UCI",2109152
"Sonora",21.13,2021-06-17,"General",2109152
"Sonora",17.71,2021-06-17,"Ventilador",2109152
"Sonora",18.56,2021-06-18,"Ventilador",2109152
"Sonora",26.19,2021-06-18,"General",2109152
"Sonora",36.17,2021-06-18,"UCI",2109152
"Sonora",34.14,2021-06-19,"UCI",2109152
"Sonora",21.68,2021-06-19,"Ventilador",2109152
"Sonora",30.61,2021-06-19,"General",2109152
"Sonora",31.31,2021-06-20,"General",2109152
"Sonora",21.27,2021-06-20,"Ventilador",2109152
"Sonora",40.62,2021-06-20,"UCI",2109152
"Sonora",35.55,2021-06-21,"UCI",2109152
"Sonora",23.39,2021-06-21,"Ventilador",2109152
"Sonora",29.68,2021-06-21,"General",2109152
"Sonora",24.58,2021-06-24,"Ventilador",2109152
"Sonora",32.47,2021-06-24,"General",2109152
"Sonora",24.59,2021-06-25,"Ventilador",2109152
"Sonora",40.81,2021-06-25,"UCI",2109152
"Sonora",33.76,2021-06-25,"General",2109152
"Sonora",45.23,2021-06-26,"UCI",2109152
"Sonora",35.21,2021-06-26,"General",2109152
"Sonora",28.48,2021-06-26,"Ventilador",2109152
"Sonora",26.25,2021-06-27,"Ventilador",2109152
"Sonora",32.36,2021-06-27,"General",2109152
"Sonora",45.23,2021-06-27,"UCI",2109152
"Sonora",34.58,2021-06-28,"General",2109152
"Sonora",27.02,2021-06-28,"Ventilador",2109152
"Sonora",38.09,2021-06-28,"UCI",2109152
"Sonora",40,2021-06-29,"UCI",2109152
"Sonora",29.53,2021-06-29,"Ventilador",2109152
"Sonora",36.55,2021-06-29,"General",2109152
"Sonora",45.45,2021-06-30,"UCI",2109152
"Sonora",27.22,2021-06-30,"Ventilador",2109152
"Sonora",38.54,2021-06-30,"General",2109152
"Sonora",38.09,2021-07-01,"UCI",2109152
"Sonora",36.53,2021-07-01,"General",2109152
"Sonora",26.25,2021-07-01,"Ventilador",2109152
"Sonora",35.81,2021-07-02,"General",2109152
"Sonora",24.5,2021-07-02,"Ventilador",2109152
"Sonora",38.29,2021-07-02,"UCI",2109152
"Sonora",33.42,2021-07-03,"General",2109152
"Sonora",24.48,2021-07-03,"Ventilador",2109152
"Sonora",37.77,2021-07-03,"UCI",2109152
"Sonora",25,2021-07-04,"Ventilador",2109152
"Sonora",42.5,2021-07-04,"UCI",2109152
"Sonora",33.04,2021-07-04,"General",2109152
"Sonora",35.55,2021-07-05,"General",2109152
"Sonora",21.5,2021-07-05,"Ventilador",2109152
"Sonora",36.36,2021-07-05,"UCI",2109152
"Sonora",34.43,2021-07-06,"General",2109152
"Sonora",26.92,2021-07-06,"UCI",2109152
"Sonora",22.38,2021-07-06,"Ventilador",2109152
"Sonora",34.18,2021-07-07,"General",2109152
"Sonora",25,2021-07-07,"Ventilador",2109152
"Sonora",35.55,2021-07-07,"UCI",2109152
"Sonora",53.33,2021-07-08,"UCI",2109152
"Sonora",27.48,2021-07-08,"Ventilador",2109152
"Sonora",37.79,2021-07-08,"General",2109152
"Sonora",25,2021-07-09,"Ventilador",2109152
"Sonora",39.58,2021-07-09,"UCI",2109152
"Sonora",41.09,2021-07-09,"General",2109152
"Sonora",28.22,2021-07-10,"Ventilador",2109152
"Sonora",43.2,2021-07-10,"General",2109152
"Sonora",55.55,2021-07-10,"UCI",2109152
"Sonora",44.72,2021-07-11,"General",2109152
"Sonora",30.92,2021-07-11,"Ventilador",2109152
"Sonora",53.12,2021-07-11,"UCI",2109152
"Sonora",44,2021-07-12,"UCI",2109152
"Sonora",24.74,2021-07-12,"Ventilador",2109152
"Sonora",41.53,2021-07-12,"General",2109152
"Sonora",46.66,2021-07-13,"UCI",2109152
"Sonora",44.06,2021-07-13,"General",2109152
"Sonora",26.25,2021-07-13,"Ventilador",2109152
"Sonora",25.38,2021-07-14,"Ventilador",2109152
"Sonora",43.86,2021-07-14,"General",2109152
"Sonora",45.65,2021-07-14,"UCI",2109152
"Sonora",24.74,2021-07-15,"Ventilador",2109152
"Sonora",40,2021-07-15,"UCI",2109152
"Sonora",49,2021-07-15,"General",2109152
"Sonora",36.73,2021-07-16,"UCI",2109152
"Sonora",44.16,2021-07-16,"General",2109152
"Sonora",24.13,2021-07-16,"Ventilador",2109152
"Sonora",50,2021-07-17,"UCI",2109152
"Sonora",28.73,2021-07-17,"Ventilador",2109152
"Sonora",42.55,2021-07-17,"General",2109152
"Sonora",29.78,2021-07-18,"Ventilador",2109152
"Sonora",40.25,2021-07-18,"General",2109152
"Sonora",46.51,2021-07-18,"UCI",2109152
"Sonora",41.66,2021-07-19,"UCI",2109152
"Sonora",40.63,2021-07-19,"General",2109152
"Sonora",31.81,2021-07-19,"Ventilador",2109152
"Sonora",31.73,2021-07-20,"Ventilador",2109152
"Sonora",43.31,2021-07-20,"General",2109152
"Sonora",40.9,2021-07-20,"UCI",2109152
"Sonora",43.58,2021-07-21,"General",2109152
"Sonora",34.19,2021-07-21,"Ventilador",2109152
"Sonora",38.63,2021-07-21,"UCI",2109152
"Sonora",41.3,2021-07-22,"UCI",2109152
"Sonora",36.8,2021-07-22,"Ventilador",2109152
"Sonora",45.61,2021-07-22,"General",2109152
"Sonora",43.75,2021-07-23,"UCI",2109152
"Sonora",44.68,2021-07-23,"General",2109152
"Sonora",34.84,2021-07-23,"Ventilador",2109152
"Sonora",48.9,2021-07-24,"General",2109152
"Sonora",53.12,2021-07-24,"UCI",2109152
"Sonora",38.98,2021-07-24,"Ventilador",2109152
"Sonora",41.71,2021-07-25,"Ventilador",2109152
"Sonora",53.84,2021-07-25,"UCI",2109152
"Sonora",47.97,2021-07-25,"General",2109152
"Sonora",47.5,2021-07-26,"UCI",2109152
"Sonora",51.08,2021-07-26,"General",2109152
"Sonora",42.56,2021-07-26,"Ventilador",2109152
"Sonora",41.23,2021-07-27,"Ventilador",2109152
"Sonora",49.26,2021-07-27,"General",2109152
"Sonora",44.89,2021-07-27,"UCI",2109152
"Sonora",46.11,2021-07-28,"Ventilador",2109152
"Sonora",44.73,2021-07-28,"UCI",2109152
"Sonora",56.16,2021-07-28,"General",2109152
"Sonora",51.09,2021-07-29,"General",2109152
"Sonora",53.65,2021-07-29,"UCI",2109152
"Sonora",45.26,2021-07-29,"Ventilador",2109152
"Sonora",47.26,2021-07-30,"General",2109152
"Sonora",43.39,2021-07-30,"Ventilador",2109152
"Sonora",40.81,2021-07-30,"UCI",2109152
"Sonora",42.22,2021-07-31,"Ventilador",2109152
"Sonora",50,2021-07-31,"UCI",2109152
"Sonora",50.12,2021-07-31,"General",2109152
"Sonora",56.25,2021-08-01,"UCI",2109152
"Sonora",57.42,2021-08-01,"General",2109152
"Sonora",44.18,2021-08-01,"Ventilador",2109152
"Sonora",39.59,2021-08-02,"Ventilador",2109152
"Sonora",52.81,2021-08-02,"General",2109152
"Sonora",41.3,2021-08-02,"UCI",2109152
"Sonora",42.28,2021-08-03,"Ventilador",2109152
"Sonora",52,2021-08-03,"General",2109152
"Sonora",47.91,2021-08-03,"UCI",2109152
"Sonora",52.27,2021-08-04,"UCI",2109152
"Sonora",52.53,2021-08-04,"General",2109152
"Sonora",41.7,2021-08-04,"Ventilador",2109152
"Sonora",51.18,2021-08-05,"General",2109152
"Sonora",38.21,2021-08-05,"Ventilador",2109152
"Sonora",48.97,2021-08-05,"UCI",2109152
"Sonora",56.75,2021-08-06,"UCI",2109152
"Sonora",41.25,2021-08-06,"Ventilador",2109152
"Sonora",54.8,2021-08-06,"General",2109152
"Sonora",54.38,2021-08-07,"UCI",2109152
"Sonora",50.39,2021-08-07,"General",2109152
"Sonora",41.05,2021-08-07,"Ventilador",2109152
"Sonora",52.48,2021-08-08,"General",2109152
"Sonora",41.58,2021-08-08,"Ventilador",2109152
"Sonora",55.76,2021-08-08,"UCI",2109152
"Sonora",52.61,2021-08-09,"General",2109152
"Sonora",37.7,2021-08-09,"Ventilador",2109152
"Sonora",48.78,2021-08-09,"UCI",2109152
"Sonora",48.94,2021-08-10,"General",2109152
"Sonora",55.76,2021-08-10,"UCI",2109152
"Sonora",41.24,2021-08-10,"Ventilador",2109152
"Sonora",48.79,2021-08-11,"General",2109152
"Sonora",41.17,2021-08-11,"Ventilador",2109152
"Sonora",51.92,2021-08-11,"UCI",2109152
"Sonora",55.1,2021-08-12,"UCI",2109152
"Sonora",40.31,2021-08-12,"Ventilador",2109152
"Sonora",51.32,2021-08-12,"General",2109152
"Sonora",49.09,2021-08-13,"UCI",2109152
"Sonora",50.44,2021-08-13,"General",2109152
"Sonora",41.09,2021-08-13,"Ventilador",2109152
"Sonora",47.59,2021-08-14,"Ventilador",2109152
"Sonora",55.7,2021-08-14,"General",2109152
"Sonora",52.5,2021-08-14,"UCI",2109152
"Sonora",45,2021-08-15,"Ventilador",2109152
"Sonora",51.11,2021-08-15,"UCI",2109152
"Sonora",58.59,2021-08-15,"General",2109152
"Sonora",38.46,2021-08-16,"UCI",2109152
"Sonora",50.38,2021-08-16,"General",2109152
"Sonora",38.2,2021-08-16,"Ventilador",2109152
"Sonora",52.54,2021-08-17,"General",2109152
"Sonora",46.94,2021-08-17,"Ventilador",2109152
"Sonora",45.83,2021-08-17,"UCI",2109152
"Sonora",40.74,2021-08-18,"UCI",2109152
"Sonora",37.81,2021-08-18,"Ventilador",2109152
"Sonora",50.09,2021-08-18,"General",2109152
"Sonora",38.88,2021-08-19,"UCI",2109152
"Sonora",52,2021-08-19,"General",2109152
"Sonora",38.49,2021-08-19,"Ventilador",2109152
"Sonora",37.77,2021-08-20,"UCI",2109152
"Sonora",53.77,2021-08-20,"General",2109152
"Sonora",39.84,2021-08-20,"Ventilador",2109152
"Sonora",60.79,2021-08-21,"General",2109152
"Sonora",39.47,2021-08-21,"UCI",2109152
"Sonora",43.43,2021-08-21,"Ventilador",2109152
"Sonora",56.7,2021-08-22,"General",2109152
"Sonora",48.14,2021-08-22,"Ventilador",2109152
"Sonora",43.9,2021-08-22,"UCI",2109152
"Sonora",56.74,2021-08-23,"General",2109152
"Sonora",35.41,2021-08-23,"UCI",2109152
"Sonora",38.96,2021-08-23,"Ventilador",2109152
"Sonora",36.73,2021-08-24,"UCI",2109152
"Sonora",35.93,2021-08-24,"Ventilador",2109152
"Sonora",53.11,2021-08-24,"General",2109152
"Sonora",53.83,2021-08-25,"General",2109152
"Sonora",34.61,2021-08-25,"UCI",2109152
"Sonora",37.91,2021-08-25,"Ventilador",2109152
"Sonora",37.61,2021-08-26,"Ventilador",2109152
"Sonora",39.13,2021-08-26,"UCI",2109152
"Sonora",54.41,2021-08-26,"General",2109152
"Sonora",38.03,2021-08-27,"Ventilador",2109152
"Sonora",53.38,2021-08-27,"General",2109152
"Sonora",36.17,2021-08-27,"UCI",2109152
"Sonora",40.21,2021-08-28,"Ventilador",2109152
"Sonora",59.02,2021-08-28,"General",2109152
"Sonora",40.54,2021-08-28,"UCI",2109152
"Sonora",52.79,2021-08-29,"General",2109152
"Sonora",43.15,2021-08-29,"Ventilador",2109152
"Sonora",41.3,2021-08-29,"UCI",2109152
"Sonora",36,2021-08-30,"UCI",2109152
"Sonora",31.37,2021-08-30,"Ventilador",2109152
"Sonora",48.93,2021-08-30,"General",2109152
"Sonora",42,2021-08-31,"UCI",2109152
"Sonora",49.29,2021-08-31,"General",2109152
"Sonora",33.05,2021-08-31,"Ventilador",2109152
"Sonora",44.68,2021-09-01,"UCI",2109152
"Sonora",53.49,2021-09-01,"General",2109152
"Sonora",38.34,2021-09-01,"Ventilador",2109152
"Sonora",30.24,2021-09-02,"Ventilador",2109152
"Sonora",40.74,2021-09-02,"UCI",2109152
"Sonora",47.34,2021-09-02,"General",2109152
"Sonora",34.17,2021-09-03,"Ventilador",2109152
"Sonora",45.91,2021-09-03,"General",2109152
"Sonora",44.23,2021-09-03,"UCI",2109152
"Sonora",60.52,2021-09-04,"UCI",2109152
"Sonora",44.7,2021-09-04,"Ventilador",2109152
"Sonora",49.23,2021-09-04,"General",2109152
"Sonora",48.27,2021-09-05,"General",2109152
"Sonora",56.75,2021-09-05,"UCI",2109152
"Sonora",44.04,2021-09-05,"Ventilador",2109152
"Sonora",44.07,2021-09-06,"General",2109152
"Sonora",32.46,2021-09-06,"Ventilador",2109152
"Sonora",37.2,2021-09-06,"UCI",2109152
"Sonora",44.99,2021-09-07,"General",2109152
"Sonora",48.07,2021-09-07,"UCI",2109152
"Sonora",31.6,2021-09-07,"Ventilador",2109152
"Sonora",33.62,2021-09-08,"Ventilador",2109152
"Sonora",43.02,2021-09-08,"General",2109152
"Sonora",46,2021-09-08,"UCI",2109152
"Sonora",38.87,2021-09-09,"General",2109152
"Sonora",27.63,2021-09-09,"Ventilador",2109152
"Sonora",31.7,2021-09-09,"UCI",2109152
"Sonora",35.37,2021-09-10,"Ventilador",2109152
"Sonora",44,2021-09-10,"UCI",2109152
"Sonora",41.15,2021-09-10,"General",2109152
"Sonora",42.57,2021-09-11,"General",2109152
"Sonora",38.41,2021-09-11,"Ventilador",2109152
"Sonora",36.58,2021-09-11,"UCI",2109152
"Sonora",44.73,2021-09-12,"General",2109152
"Sonora",45.94,2021-09-12,"UCI",2109152
"Sonora",39.87,2021-09-12,"Ventilador",2109152
"Sonora",23.07,2021-09-13,"Ventilador",2109152
"Sonora",36.3,2021-09-13,"General",2109152
"Sonora",33.33,2021-09-13,"UCI",2109152
"Sonora",36.36,2021-09-14,"UCI",2109152
"Sonora",34.89,2021-09-14,"General",2109152
"Sonora",24.81,2021-09-14,"Ventilador",2109152
"Sonora",28.57,2021-09-15,"UCI",2109152
"Sonora",24.89,2021-09-15,"Ventilador",2109152
"Sonora",33.19,2021-09-15,"General",2109152
"Sonora",34.68,2021-09-16,"General",2109152
"Sonora",24.89,2021-09-16,"Ventilador",2109152
"Sonora",33.33,2021-09-16,"UCI",2109152
"Sonora",31.81,2021-09-17,"UCI",2109152
"Sonora",22.34,2021-09-17,"Ventilador",2109152
"Sonora",30.72,2021-09-17,"General",2109152
"Sonora",37.19,2021-09-18,"General",2109152
"Sonora",32.43,2021-09-18,"UCI",2109152
"Sonora",26,2021-09-18,"Ventilador",2109152
"Sonora",36.19,2021-09-19,"General",2109152
"Sonora",26.98,2021-09-19,"Ventilador",2109152
"Sonora",36.11,2021-09-19,"UCI",2109152
"Sonora",35.82,2021-09-20,"General",2109152
"Sonora",26.34,2021-09-20,"Ventilador",2109152
"Sonora",24,2021-09-20,"UCI",2109152
"Sonora",32.6,2021-09-21,"UCI",2109152
"Sonora",35.95,2021-09-21,"General",2109152
"Sonora",20.92,2021-09-21,"Ventilador",2109152
"Sonora",25.49,2021-09-22,"UCI",2109152
"Sonora",22.08,2021-09-22,"Ventilador",2109152
"Sonora",31.85,2021-09-22,"General",2109152
"Sonora",38.53,2021-09-23,"General",2109152
"Sonora",23.56,2021-09-23,"Ventilador",2109152
"Sonora",27.65,2021-09-23,"UCI",2109152
"Sonora",13.86,2021-09-24,"Ventilador",2109152
"Sonora",20,2021-09-24,"UCI",2109152
"Sonora",35.37,2021-09-24,"General",2109152
"Sonora",20,2021-09-25,"Ventilador",2109152
"Sonora",14.7,2021-09-25,"UCI",2109152
"Sonora",40,2021-09-25,"General",2109152
"Sonora",23.36,2021-09-26,"Ventilador",2109152
"Sonora",39.69,2021-09-26,"General",2109152
"Sonora",15.78,2021-09-26,"UCI",2109152
"Sonora",14.34,2021-09-27,"Ventilador",2109152
"Sonora",35.7,2021-09-27,"General",2109152
"Sonora",13.72,2021-09-27,"UCI",2109152
"Sonora",35.71,2021-09-28,"General",2109152
"Sonora",10.52,2021-09-28,"UCI",2109152
"Sonora",15.11,2021-09-28,"Ventilador",2109152
"Sonora",7.84,2021-09-29,"UCI",2109152
"Sonora",16.43,2021-09-29,"Ventilador",2109152
"Sonora",33.17,2021-09-29,"General",2109152
"Sonora",16.48,2021-09-30,"Ventilador",2109152
"Sonora",8.51,2021-09-30,"UCI",2109152
"Sonora",32.17,2021-09-30,"General",2109152
"Sonora",11.53,2021-10-01,"UCI",2109152
"Sonora",29.5,2021-10-01,"General",2109152
"Sonora",15.68,2021-10-01,"Ventilador",2109152
"Sonora",30.72,2021-10-02,"General",2109152
"Sonora",17.19,2021-10-02,"Ventilador",2109152
"Sonora",9.09,2021-10-02,"UCI",2109152
"Sonora",13.83,2021-10-03,"Ventilador",2109152
"Sonora",36.99,2021-10-03,"General",2109152
"Sonora",5.55,2021-10-03,"UCI",2109152
"Sonora",34.13,2021-10-04,"General",2109152
"Sonora",8.88,2021-10-04,"UCI",2109152
"Sonora",15.97,2021-10-04,"Ventilador",2109152
"Sonora",12.5,2021-10-05,"UCI",2109152
"Sonora",13.81,2021-10-05,"Ventilador",2109152
"Sonora",31.25,2021-10-05,"General",2109152
"Sonora",30.37,2021-10-06,"General",2109152
"Sonora",15.84,2021-10-06,"Ventilador",2109152
"Sonora",11.53,2021-10-06,"UCI",2109152
"Sonora",19.44,2021-10-07,"UCI",2109152
"Sonora",15.88,2021-10-07,"Ventilador",2109152
"Sonora",31.61,2021-10-07,"General",2109152
"Sonora",16.2,2021-10-08,"Ventilador",2109152
"Sonora",33.41,2021-10-08,"General",2109152
"Sonora",30.3,2021-10-08,"UCI",2109152
"Sonora",23.91,2021-10-09,"UCI",2109152
"Sonora",29.28,2021-10-09,"General",2109152
"Sonora",16.66,2021-10-09,"Ventilador",2109152
"Sonora",17.83,2021-10-10,"Ventilador",2109152
"Sonora",31.12,2021-10-10,"General",2109152
"Sonora",22.85,2021-10-10,"UCI",2109152
"Sonora",28.09,2021-10-11,"General",2109152
"Sonora",16.17,2021-10-11,"Ventilador",2109152
"Sonora",13.51,2021-10-11,"UCI",2109152
"Sonora",23.91,2021-10-12,"UCI",2109152
"Sonora",16.01,2021-10-12,"Ventilador",2109152
"Sonora",30.54,2021-10-12,"General",2109152
"Sonora",14.63,2021-10-13,"UCI",2109152
"Sonora",30.27,2021-10-13,"General",2109152
"Sonora",15.84,2021-10-13,"Ventilador",2109152
"Sonora",27.84,2021-10-14,"General",2109152
"Sonora",15.7,2021-10-14,"Ventilador",2109152
"Sonora",17.39,2021-10-14,"UCI",2109152
"Sonora",13.95,2021-10-15,"UCI",2109152
"Sonora",14.81,2021-10-15,"Ventilador",2109152
"Sonora",31.28,2021-10-15,"General",2109152
"Sonora",25.58,2021-10-16,"UCI",2109152
"Sonora",30.59,2021-10-16,"General",2109152
"Sonora",16.86,2021-10-16,"Ventilador",2109152
"Sonora",36.8,2021-10-17,"General",2109152
"Sonora",16.17,2021-10-17,"Ventilador",2109152
"Sonora",21.42,2021-10-17,"UCI",2109152
"Sonora",13.45,2021-10-18,"Ventilador",2109152
"Sonora",29.72,2021-10-18,"UCI",2109152
"Sonora",31.96,2021-10-18,"General",2109152
"Sonora",28.84,2021-10-19,"General",2109152
"Sonora",30.61,2021-10-19,"UCI",2109152
"Sonora",17.08,2021-10-19,"Ventilador",2109152
"Sonora",28.36,2021-10-20,"General",2109152
"Sonora",17.76,2021-10-20,"Ventilador",2109152
"Sonora",26.53,2021-10-20,"UCI",2109152
"Sonora",27.73,2021-10-21,"General",2109152
"Sonora",17.39,2021-10-21,"Ventilador",2109152
"Sonora",24.44,2021-10-21,"UCI",2109152
"Sonora",16.75,2021-10-22,"Ventilador",2109152
"Sonora",30.15,2021-10-22,"General",2109152
"Sonora",10.52,2021-10-22,"UCI",2109152
"Sonora",35.71,2021-10-23,"UCI",2109152
"Sonora",36.74,2021-10-23,"General",2109152
"Sonora",17.68,2021-10-23,"Ventilador",2109152
"Sonora",16.32,2021-10-24,"Ventilador",2109152
"Sonora",34.81,2021-10-24,"General",2109152
"Sonora",29.03,2021-10-24,"UCI",2109152
"Sonora",32.23,2021-10-25,"General",2109152
"Sonora",15.95,2021-10-25,"Ventilador",2109152
"Sonora",28.2,2021-10-25,"UCI",2109152
"Sonora",14.52,2021-10-26,"Ventilador",2109152
"Sonora",33.43,2021-10-26,"General",2109152
"Sonora",12.5,2021-10-26,"UCI",2109152
"Sonora",15.18,2021-10-27,"Ventilador",2109152
"Sonora",33.9,2021-10-27,"General",2109152
"Sonora",16.66,2021-10-27,"UCI",2109152
"Sonora",31.15,2021-10-28,"General",2109152
"Sonora",14.45,2021-10-28,"Ventilador",2109152
"Sonora",28.94,2021-10-28,"UCI",2109152
"Sonora",35.31,2021-10-29,"General",2109152
"Sonora",29.03,2021-10-29,"UCI",2109152
"Sonora",16.32,2021-10-29,"Ventilador",2109152
"Sonora",36.33,2021-10-30,"General",2109152
"Sonora",33.33,2021-10-30,"UCI",2109152
"Sonora",16.66,2021-10-30,"Ventilador",2109152
"Sonora",19.68,2021-10-31,"Ventilador",2109152
"Sonora",34.48,2021-10-31,"UCI",2109152
"Sonora",40.34,2021-10-31,"General",2109152
"Sonora",21.27,2021-11-01,"UCI",2109152
"Sonora",37.57,2021-11-01,"General",2109152
"Sonora",14.75,2021-11-01,"Ventilador",2109152
"Sonora",15.42,2021-11-02,"Ventilador",2109152
"Sonora",35.27,2021-11-02,"General",2109152
"Sonora",12.82,2021-11-02,"UCI",2109152
"Sonora",34.23,2021-11-03,"General",2109152
"Sonora",16.85,2021-11-03,"Ventilador",2109152
"Sonora",20.93,2021-11-03,"UCI",2109152
"Sonora",32.05,2021-11-04,"General",2109152
"Sonora",19.25,2021-11-04,"Ventilador",2109152
"Sonora",29.54,2021-11-04,"UCI",2109152
"Sonora",17.46,2021-11-05,"Ventilador",2109152
"Sonora",32.13,2021-11-05,"General",2109152
"Sonora",26.19,2021-11-05,"UCI",2109152
"Sonora",18.6,2021-11-06,"Ventilador",2109152
"Sonora",26.47,2021-11-06,"UCI",2109152
"Sonora",34.14,2021-11-06,"General",2109152
"Sonora",36.03,2021-11-07,"General",2109152
"Sonora",23.21,2021-11-07,"Ventilador",2109152
"Sonora",38.88,2021-11-07,"UCI",2109152
